C:\Program Files\dotnet\sdk\8.0.420\MSBuild.dll -nologo -consoleloggerparameters:Summary -distributedlogger:Microsoft.DotNet.Tools.MSBuild.MSBuildLogger,C:\Program Files\dotnet\sdk\8.0.420\dotnet.dll*Microsoft.DotNet.Tools.MSBuild.MSBuildForwardingLogger,C:\Program Files\dotnet\sdk\8.0.420\dotnet.dll -maxcpucount -property:Configuration=Release -restore -verbosity:m -verbosity:diagnostic .\Cortex.API.sln
Build started 4/17/2026 4:44:08 AM.
Environment at start of build:
MSBuildSDKsPath = C:\Program Files\dotnet\sdk\8.0.420\Sdks
DOTNET_SKIP_FIRST_TIME_EXPERIENCE = 1
DOTNET_CLI_TELEMETRY_SESSIONID = e7f841ee-7c47-4b79-bce5-2c14fbf48def
MSBuildExtensionsPath = C:\Program Files\dotnet\sdk\8.0.420\
DOTNET_CLI_HOME = C:\Users\adamc\Documents\Cortex.API\.dotnet
MSBuildLoadMicrosoftTargetsReadOnly = true
MSBUILDFAILONDRIVEENUMERATINGWILDCARD = 1
MSBUILDUSESERVER = 0
DOTNET_HOST_PATH = C:\Program Files\dotnet\dotnet.exe

04:44:08.218     0>Process = "C:\Program Files\dotnet\dotnet.exe"
                   MSBuild executable path = "C:\Program Files\dotnet\sdk\8.0.420\MSBuild.dll"
                   Command line arguments = "C:\Program Files\dotnet\sdk\8.0.420\MSBuild.dll -maxcpucount -verbosity:m -nologo -restore -consoleloggerparameters:Summary -property:Configuration=Release -verbosity:diagnostic -distributedlogger:Microsoft.DotNet.Tools.MSBuild.MSBuildLogger,C:\Program Files\dotnet\sdk\8.0.420\dotnet.dll*Microsoft.DotNet.Tools.MSBuild.MSBuildForwardingLogger,C:\Program Files\dotnet\sdk\8.0.420\dotnet.dll"
                   Current directory = "C:\Users\adamc\Documents\Cortex.API"
                   MSBuild version = "17.11.48+02bf66295"
                   Based on the Windows registry key LongPathsEnabled, the LongPaths feature is enabled.
                   Assembly loaded during Evaluation: Microsoft.NET.StringTools, Version=1.0.0.0, Culture=neutral, PublicKeyToken=b03f5f7f11d50a3a (location: C:\Program Files\dotnet\sdk\8.0.420\Microsoft.NET.StringTools.dll, MVID: a6df08db-4589-427d-8720-dbb53fdf37b0, AssemblyLoadContext: Default)
                   Property 'MSBuildExtensionsPath' with value 'C:\Program Files\dotnet\sdk\8.0.420\' expanded from the environment.
                   Assembly loaded during Evaluation: NuGet.Versioning, Version=6.11.2.1, Culture=neutral, PublicKeyToken=31bf3856ad364e35 (location: C:\Program Files\dotnet\sdk\8.0.420\NuGet.Versioning.dll, MVID: a3e0c61b-90af-4847-b8b3-eec0a9682cea, AssemblyLoadContext: Default)
                   Assembly loaded during Evaluation: System.Threading.Tasks.Parallel, Version=8.0.0.0, Culture=neutral, PublicKeyToken=b03f5f7f11d50a3a (location: C:\Program Files\dotnet\shared\Microsoft.NETCore.App\8.0.26\System.Threading.Tasks.Parallel.dll, MVID: a92e6ad3-d00f-442e-87f8-1290f358d1eb, AssemblyLoadContext: Default)
                   Property reassignment: $(_GenerateRestoreGraphProjectEntryInputProperties)="
                         ExcludeRestorePackageImports=true;
                         _RestoreSolutionFileUsed=true;
                         SolutionDir=C:\Users\adamc\Documents\Cortex.API\;
                         SolutionName=Cortex.API;
                         SolutionFileName=Cortex.API.sln;
                         SolutionPath=C:\Users\adamc\Documents\Cortex.API\Cortex.API.sln;
                         SolutionExt=.sln;
                       " (previous value: "ExcludeRestorePackageImports=true") at C:\Program Files\dotnet\sdk\8.0.420\NuGet.targets (101,5)
                   Assembly loaded during Evaluation: System.Net.Sockets, Version=8.0.0.0, Culture=neutral, PublicKeyToken=b03f5f7f11d50a3a (location: C:\Program Files\dotnet\shared\Microsoft.NETCore.App\8.0.26\System.Net.Sockets.dll, MVID: 5a4d7f52-98aa-4c29-85ae-68dbc4976036, AssemblyLoadContext: Default)
                   Assembly loaded during Evaluation: System.Threading.Overlapped, Version=8.0.0.0, Culture=neutral, PublicKeyToken=b03f5f7f11d50a3a (location: C:\Program Files\dotnet\shared\Microsoft.NETCore.App\8.0.26\System.Threading.Overlapped.dll, MVID: dbdcaca8-673d-41aa-9be7-ada57e20310b, AssemblyLoadContext: Default)
                   Assembly loaded during Evaluation: System.Security.Cryptography.Algorithms, Version=8.0.0.0, Culture=neutral, PublicKeyToken=b03f5f7f11d50a3a (location: C:\Program Files\dotnet\shared\Microsoft.NETCore.App\8.0.26\System.Security.Cryptography.Algorithms.dll, MVID: 81ef3d7f-39e2-4f1d-a9ab-70a4342b34ce, AssemblyLoadContext: Default)
                   Assembly loaded during Evaluation: System.Security.Cryptography.Primitives, Version=8.0.0.0, Culture=neutral, PublicKeyToken=b03f5f7f11d50a3a (location: C:\Program Files\dotnet\shared\Microsoft.NETCore.App\8.0.26\System.Security.Cryptography.Primitives.dll, MVID: 23498b2c-7602-4623-b9ce-1528c86394fa, AssemblyLoadContext: Default)
                   Assembly loaded during Evaluation: System.IO.FileSystem, Version=8.0.0.0, Culture=neutral, PublicKeyToken=b03f5f7f11d50a3a (location: C:\Program Files\dotnet\shared\Microsoft.NETCore.App\8.0.26\System.IO.FileSystem.dll, MVID: 7b61577b-ee6e-4878-a740-95476fc8ead8, AssemblyLoadContext: Default)
                   Assembly loaded during Evaluation: System.Security.Cryptography.X509Certificates, Version=8.0.0.0, Culture=neutral, PublicKeyToken=b03f5f7f11d50a3a (location: C:\Program Files\dotnet\shared\Microsoft.NETCore.App\8.0.26\System.Security.Cryptography.X509Certificates.dll, MVID: 2c690745-9929-4875-b459-0bad386b5309, AssemblyLoadContext: Default)
                   Assembly loaded during Evaluation: NuGet.Packaging, Version=6.11.2.1, Culture=neutral, PublicKeyToken=31bf3856ad364e35 (location: C:\Program Files\dotnet\sdk\8.0.420\NuGet.Packaging.dll, MVID: c1c2e436-5cb7-4b71-9a19-279d9f55a209, AssemblyLoadContext: Default)
                   Overriding target "Restore" in project "C:\Users\adamc\Documents\Cortex.API\Cortex.API.sln.metaproj" with target "Restore" from project "C:\Program Files\dotnet\sdk\8.0.420\NuGet.targets".
                   The target "Store" listed in a BeforeTargets attribute at "C:\Program Files\dotnet\sdk\8.0.420\Current\SolutionFile\ImportAfter\Microsoft.NET.Sdk.Solution.targets (33,11)" does not exist in the project, and will be ignored.
                   The target "VSTest" listed in a BeforeTargets attribute at "C:\Program Files\dotnet\sdk\8.0.420\Current\SolutionFile\ImportAfter\Microsoft.NET.Sdk.Solution.targets (33,11)" does not exist in the project, and will be ignored.
                   The target "_CheckForInvalidConfigurationAndPlatform" listed in a BeforeTargets attribute at "C:\Program Files\dotnet\sdk\8.0.420\NuGet.targets (667,11)" does not exist in the project, and will be ignored.
04:44:08.324     0>Initial Properties:
                   _DirectorySolutionPropsBasePath = 
                   _DirectorySolutionPropsFile = Directory.Solution.props
                   _DirectorySolutionTargetsBasePath = 
                   _DirectorySolutionTargetsFile = Directory.Solution.targets
                   _GenerateRestoreGraphProjectEntryInputProperties = 
                         ExcludeRestorePackageImports=true;
                         _RestoreSolutionFileUsed=true;
                         SolutionDir=C:\Users\adamc\Documents\Cortex.API\;
                         SolutionName=Cortex.API;
                         SolutionFileName=Cortex.API.sln;
                         SolutionPath=C:\Users\adamc\Documents\Cortex.API\Cortex.API.sln;
                         SolutionExt=.sln;
                       
                   _RestoreSolutionFileUsed = true
                   AspNetConfiguration = Release
                   Configuration = Release
                   CurrentSolutionConfigurationContents = <SolutionConfiguration>
                     <ProjectConfiguration Project="{2A788818-6E57-FE4B-3712-163DA6937E5F}" AbsolutePath="C:\Users\adamc\Documents\Cortex.API\CortexBackend\Cortex.API.csproj" BuildProjectInSolution="True">Release|AnyCPU</ProjectConfiguration>
                     <ProjectConfiguration Project="{B1C2D3E4-F5A6-7890-BCDE-F12345678901}" AbsolutePath="C:\Users\adamc\Documents\Cortex.API\Cortex.API.Tests\Cortex.API.Tests.csproj" BuildProjectInSolution="True">Release|AnyCPU</ProjectConfiguration>
                   </SolutionConfiguration>
                   DefaultImplicitPackages = Microsoft.NETCore.App;NETStandard.Library
                   DOTNET_CLI_HOME = C:\Users\adamc\Documents\Cortex.API\.dotnet
                   DOTNET_CLI_TELEMETRY_SESSIONID = e7f841ee-7c47-4b79-bce5-2c14fbf48def
                   DOTNET_HOST_PATH = C:\Program Files\dotnet\dotnet.exe
                   DOTNET_SKIP_FIRST_TIME_EXPERIENCE = 1
                   DotnetCliToolTargetFramework = netcoreapp2.2
                   GetReferenceNearestTargetFrameworkTaskSupportsTargetPlatformParameter = true
                   HideWarningsAndErrors = false
                   IsRestoreTargetsFileLoaded = true
                   MicrosoftNETBuildTasksAssembly = C:\Program Files\dotnet\sdk\8.0.420\Sdks\Microsoft.NET.Sdk\targets\..\tools\net8.0\Microsoft.NET.Build.Tasks.dll
                   MicrosoftNETBuildTasksDirectory = C:\Program Files\dotnet\sdk\8.0.420\Sdks\Microsoft.NET.Sdk\targets\..\tools\net8.0\
                   MicrosoftNETBuildTasksDirectoryRoot = C:\Program Files\dotnet\sdk\8.0.420\Sdks\Microsoft.NET.Sdk\targets\..\tools\
                   MicrosoftNETBuildTasksTFM = net8.0
                   MSBuildAllProjects = C:\Program Files\dotnet\sdk\8.0.420\Current\SolutionFile\ImportAfter\Microsoft.NET.Sdk.Solution.targets
                   MSBuildAssemblyVersion = 17.0
                   MSBuildBinPath = C:\Program Files\dotnet\sdk\8.0.420
                   MSBuildDisableFeaturesFromVersion = 999.999
                   MSBuildExtensionsPath = C:\Program Files\dotnet\sdk\8.0.420\
                   MSBuildExtensionsPath32 = C:\Program Files\dotnet\sdk\8.0.420
                   MSBuildExtensionsPath64 = C:\Program Files\dotnet\sdk\8.0.420
                   MSBUILDFAILONDRIVEENUMERATINGWILDCARD = 1
                   MSBuildFileVersion = 17.11.48.46605
                   MSBuildIsRestoring = True
                   MSBuildLoadMicrosoftTargetsReadOnly = true
                   MSBuildNodeCount = 1
                   MSBuildProgramFiles32 = C:\Program Files (x86)
                   MSBuildProjectDefaultTargets = Build
                   MSBuildProjectDirectory = C:\Users\adamc\Documents\Cortex.API
                   MSBuildProjectDirectoryNoRoot = Users\adamc\Documents\Cortex.API
                   MSBuildProjectExtension = .metaproj
                   MSBuildProjectFile = Cortex.API.sln.metaproj
                   MSBuildProjectFullPath = C:\Users\adamc\Documents\Cortex.API\Cortex.API.sln.metaproj
                   MSBuildProjectName = Cortex.API.sln
                   MSBuildRestoreSessionId = 9d13cee0-88bd-4aff-8ec3-14f799b73c5e
                   MSBuildRuntimeType = Core
                   MSBuildSDKsPath = C:\Program Files\dotnet\sdk\8.0.420\Sdks
                   MSBuildSemanticVersion = 17.11.48+02bf66295
                   MSBuildStartupDirectory = C:\Users\adamc\Documents\Cortex.API
                   MSBuildToolsPath = C:\Program Files\dotnet\sdk\8.0.420
                   MSBuildToolsVersion = Current
                   MSBuildUserExtensionsPath = C:\Users\adamc\AppData\Local\Microsoft\MSBuild
                   MSBUILDUSESERVER = 0
                   MSBuildVersion = 17.11.48
                   NuGetAudit = true
                   NuGetAuditLevel = low
                   NuGetAuditMode = direct
                   NuGetInteractive = 
                   NuGetRestoreTargets = C:\Program Files\dotnet\sdk\8.0.420\\NuGet.targets
                   PackageDownloadSupported = true
                   Platform = Any CPU
                   RestoreBuildInParallel = true
                   RestoreContinueOnError = WarnAndContinue
                   RestoreRecursive = true
                   RestoreTaskAssemblyFile = NuGet.Build.Tasks.dll
                   RestoreUseSkipNonexistentTargets = true
                   RoslynTargetsPath = C:\Program Files\dotnet\sdk\8.0.420\Roslyn
                   SolutionDir = C:\Users\adamc\Documents\Cortex.API\
                   SolutionExt = .sln
                   SolutionFileName = Cortex.API.sln
                   SolutionName = Cortex.API
                   SolutionPath = C:\Users\adamc\Documents\Cortex.API\Cortex.API.sln
                   TargetFrameworkVersion = v4.0
                   ValidateRuntimeIdentifierCompatibility = false
                   VisualStudioVersion = 17.0

04:44:08.324     0>Initial Items:
                   ProjectReference
                       C:\Users\adamc\Documents\Cortex.API\Cortex.API.Tests\Cortex.API.Tests.csproj
                           AdditionalProperties = Configuration=Release; Platform=AnyCPU
                           Platform = AnyCPU
                           Configuration = Release
                           ToolsVersion = 
                           SkipNonexistentProjects = False
                       C:\Users\adamc\Documents\Cortex.API\CortexBackend\Cortex.API.csproj
                           AdditionalProperties = Configuration=Release; Platform=AnyCPU
                           Platform = AnyCPU
                           Configuration = Release
                           ToolsVersion = 
                           SkipNonexistentProjects = False
                   SolutionConfiguration
                       Debug|Any CPU
                           Content = <SolutionConfiguration>
                     <ProjectConfiguration Project="{2A788818-6E57-FE4B-3712-163DA6937E5F}" AbsolutePath="C:\Users\adamc\Documents\Cortex.API\CortexBackend\Cortex.API.csproj" BuildProjectInSolution="True">Debug|AnyCPU</ProjectConfiguration>
                     <ProjectConfiguration Project="{B1C2D3E4-F5A6-7890-BCDE-F12345678901}" AbsolutePath="C:\Users\adamc\Documents\Cortex.API\Cortex.API.Tests\Cortex.API.Tests.csproj" BuildProjectInSolution="True">Debug|AnyCPU</ProjectConfiguration>
                   </SolutionConfiguration>
                           Platform = Any CPU
                           Configuration = Debug
                       Release|Any CPU
                           Content = <SolutionConfiguration>
                     <ProjectConfiguration Project="{2A788818-6E57-FE4B-3712-163DA6937E5F}" AbsolutePath="C:\Users\adamc\Documents\Cortex.API\CortexBackend\Cortex.API.csproj" BuildProjectInSolution="True">Release|AnyCPU</ProjectConfiguration>
                     <ProjectConfiguration Project="{B1C2D3E4-F5A6-7890-BCDE-F12345678901}" AbsolutePath="C:\Users\adamc\Documents\Cortex.API\Cortex.API.Tests\Cortex.API.Tests.csproj" BuildProjectInSolution="True">Release|AnyCPU</ProjectConfiguration>
                   </SolutionConfiguration>
                           Platform = Any CPU
                           Configuration = Release

04:44:08.339     1>Project "C:\Users\adamc\Documents\Cortex.API\Cortex.API.sln" on node 1 (Restore target(s)).
04:44:08.341     1>Target "ValidateSolutionConfiguration: (TargetId:2)" in file "C:\Users\adamc\Documents\Cortex.API\Cortex.API.sln.metaproj" from project "C:\Users\adamc\Documents\Cortex.API\Cortex.API.sln" (entry point):
04:44:08.343     1>Task "Error" skipped, due to false condition; (('$(CurrentSolutionConfigurationContents)' == '') and ('$(SkipInvalidConfigurations)' != 'true')) was evaluated as (('<SolutionConfiguration>
  <ProjectConfiguration Project="{2A788818-6E57-FE4B-3712-163DA6937E5F}" AbsolutePath="C:\Users\adamc\Documents\Cortex.API\CortexBackend\Cortex.API.csproj" BuildProjectInSolution="True">Release|AnyCPU</ProjectConfiguration>
  <ProjectConfiguration Project="{B1C2D3E4-F5A6-7890-BCDE-F12345678901}" AbsolutePath="C:\Users\adamc\Documents\Cortex.API\Cortex.API.Tests\Cortex.API.Tests.csproj" BuildProjectInSolution="True">Release|AnyCPU</ProjectConfiguration>
</SolutionConfiguration>' == '') and ('' != 'true')).
                   Task "Warning" skipped, due to false condition; (('$(CurrentSolutionConfigurationContents)' == '') and ('$(SkipInvalidConfigurations)' == 'true')) was evaluated as (('<SolutionConfiguration>
                     <ProjectConfiguration Project="{2A788818-6E57-FE4B-3712-163DA6937E5F}" AbsolutePath="C:\Users\adamc\Documents\Cortex.API\CortexBackend\Cortex.API.csproj" BuildProjectInSolution="True">Release|AnyCPU</ProjectConfiguration>
                     <ProjectConfiguration Project="{B1C2D3E4-F5A6-7890-BCDE-F12345678901}" AbsolutePath="C:\Users\adamc\Documents\Cortex.API\Cortex.API.Tests\Cortex.API.Tests.csproj" BuildProjectInSolution="True">Release|AnyCPU</ProjectConfiguration>
                   </SolutionConfiguration>' == '') and ('' == 'true')).
                   Using "Message" task from assembly "Microsoft.Build.Tasks.Core, Version=15.1.0.0, Culture=neutral, PublicKeyToken=b03f5f7f11d50a3a".
                   Task "Message" (TaskId:2)
                     Task Parameter:Text=Building solution configuration "Release|Any CPU". (TaskId:2)
                     Building solution configuration "Release|Any CPU". (TaskId:2)
                   Done executing task "Message". (TaskId:2)
04:44:08.354     1>Done building target "ValidateSolutionConfiguration" in project "Cortex.API.sln".: (TargetId:2)
04:44:08.354     1>Target "ValidateToolsVersions: (TargetId:3)" in file "C:\Users\adamc\Documents\Cortex.API\Cortex.API.sln.metaproj" from project "C:\Users\adamc\Documents\Cortex.API\Cortex.API.sln" (entry point):
                   Task "Error" skipped, due to false condition; ('$(MSBuildToolsVersion)' == '2.0' and ('$(ProjectToolsVersion)' != '2.0' and '$(ProjectToolsVersion)' != '')) was evaluated as ('Current' == '2.0' and ('' != '2.0' and '' != '')).
04:44:08.355     1>Done building target "ValidateToolsVersions" in project "Cortex.API.sln".: (TargetId:3)
04:44:08.355     1>Target "ValidateProjects: (TargetId:4)" in file "C:\Users\adamc\Documents\Cortex.API\Cortex.API.sln.metaproj" from project "C:\Users\adamc\Documents\Cortex.API\Cortex.API.sln" (entry point):
04:44:08.355     1>Done building target "ValidateProjects" in project "Cortex.API.sln".: (TargetId:4)
04:44:08.355     1>Target "_LoadRestoreGraphEntryPoints: (TargetId:5)" in file "C:\Program Files\dotnet\sdk\8.0.420\NuGet.targets" from project "C:\Users\adamc\Documents\Cortex.API\Cortex.API.sln" (target "_FilterRestoreGraphProjectInputItems" depends on it):
                   Assembly loaded during TaskRun: NuGet.Build.Tasks, Version=6.11.2.1, Culture=neutral, PublicKeyToken=31bf3856ad364e35 (location: C:\Program Files\dotnet\sdk\8.0.420\NuGet.Build.Tasks.dll, MVID: 3f3a6e89-b56d-43da-8480-71aeb94f0e02, AssemblyLoadContext: MSBuild plugin C:\Program Files\dotnet\sdk\8.0.420\NuGet.Build.Tasks.dll)
                   Assembly loaded during TaskRun: System.Reflection.Metadata, Version=8.0.0.0, Culture=neutral, PublicKeyToken=b03f5f7f11d50a3a (location: C:\Program Files\dotnet\shared\Microsoft.NETCore.App\8.0.26\System.Reflection.Metadata.dll, MVID: 421557c2-00ca-45e1-a692-2c9409d82a2a, AssemblyLoadContext: Default)
                   Assembly loaded during TaskRun: NuGet.Common, Version=6.11.2.1, Culture=neutral, PublicKeyToken=31bf3856ad364e35 (location: C:\Program Files\dotnet\sdk\8.0.420\NuGet.Common.dll, MVID: 15376c23-a43e-4971-b931-008e4d673049, AssemblyLoadContext: MSBuild plugin C:\Program Files\dotnet\sdk\8.0.420\NuGet.Build.Tasks.dll)
                   Assembly loaded during TaskRun: NuGet.Commands, Version=6.11.2.1, Culture=neutral, PublicKeyToken=31bf3856ad364e35 (location: C:\Program Files\dotnet\sdk\8.0.420\NuGet.Commands.dll, MVID: ff044f7d-8bd9-4bc1-89f4-801a22469c8a, AssemblyLoadContext: MSBuild plugin C:\Program Files\dotnet\sdk\8.0.420\NuGet.Build.Tasks.dll)
                   Assembly loaded during TaskRun: NuGet.ProjectModel, Version=6.11.2.1, Culture=neutral, PublicKeyToken=31bf3856ad364e35 (location: C:\Program Files\dotnet\sdk\8.0.420\NuGet.ProjectModel.dll, MVID: 755a1321-399c-4749-8017-d641fe1d10e2, AssemblyLoadContext: MSBuild plugin C:\Program Files\dotnet\sdk\8.0.420\NuGet.Build.Tasks.dll)
                   Using "GetRestoreSolutionProjectsTask" task from assembly "C:\Program Files\dotnet\sdk\8.0.420\NuGet.Build.Tasks.dll".
                   Task "GetRestoreSolutionProjectsTask" (TaskId:3)
                     Task Parameter:
                         ProjectReferences=
                             C:\Users\adamc\Documents\Cortex.API\CortexBackend\Cortex.API.csproj
                                     AdditionalProperties=Configuration=Release; Platform=AnyCPU
                                     Configuration=Release
                                     Platform=AnyCPU
                                     SkipNonexistentProjects=False
                                     ToolsVersion=
                             C:\Users\adamc\Documents\Cortex.API\Cortex.API.Tests\Cortex.API.Tests.csproj
                                     AdditionalProperties=Configuration=Release; Platform=AnyCPU
                                     Configuration=Release
                                     Platform=AnyCPU
                                     SkipNonexistentProjects=False
                                     ToolsVersion= (TaskId:3)
                     Task Parameter:SolutionFilePath=C:\Users\adamc\Documents\Cortex.API\Cortex.API.sln.metaproj (TaskId:3)
                     Output Item(s): 
                         RestoreGraphProjectInputItems=
                             C:\Users\adamc\Documents\Cortex.API\CortexBackend\Cortex.API.csproj
                                     AdditionalProperties=Configuration=Release; Platform=AnyCPU
                                     Configuration=Release
                                     Platform=AnyCPU
                                     SkipNonexistentProjects=False
                                     ToolsVersion=
                             C:\Users\adamc\Documents\Cortex.API\Cortex.API.Tests\Cortex.API.Tests.csproj
                                     AdditionalProperties=Configuration=Release; Platform=AnyCPU
                                     Configuration=Release
                                     Platform=AnyCPU
                                     SkipNonexistentProjects=False
                                     ToolsVersion= (TaskId:3)
                   Done executing task "GetRestoreSolutionProjectsTask". (TaskId:3)
04:44:08.369     1>Done building target "_LoadRestoreGraphEntryPoints" in project "Cortex.API.sln".: (TargetId:5)
04:44:08.369     1>Target "_FilterRestoreGraphProjectInputItems: (TargetId:6)" in file "C:\Program Files\dotnet\sdk\8.0.420\NuGet.targets" from project "C:\Users\adamc\Documents\Cortex.API\Cortex.API.sln" (target "_GenerateRestoreGraph" depends on it):
                   Set Property: RestoreProjectFilterMode=exclusionlist
                   Added Item(s): 
                       _FilteredRestoreGraphProjectInputItemsTmp=
                           C:\Users\adamc\Documents\Cortex.API\CortexBackend\Cortex.API.csproj
                                   AdditionalProperties=Configuration=Release; Platform=AnyCPU
                                   Configuration=Release
                                   Platform=AnyCPU
                                   SkipNonexistentProjects=False
                                   ToolsVersion=
                           C:\Users\adamc\Documents\Cortex.API\Cortex.API.Tests\Cortex.API.Tests.csproj
                                   AdditionalProperties=Configuration=Release; Platform=AnyCPU
                                   Configuration=Release
                                   Platform=AnyCPU
                                   SkipNonexistentProjects=False
                                   ToolsVersion=
                   Using "RemoveDuplicates" task from assembly "Microsoft.Build.Tasks.Core, Version=15.1.0.0, Culture=neutral, PublicKeyToken=b03f5f7f11d50a3a".
                   Task "RemoveDuplicates" (TaskId:4)
                     Task Parameter:
                         Inputs=
                             C:\Users\adamc\Documents\Cortex.API\CortexBackend\Cortex.API.csproj
                                     AdditionalProperties=Configuration=Release; Platform=AnyCPU
                                     Configuration=Release
                                     Platform=AnyCPU
                                     SkipNonexistentProjects=False
                                     ToolsVersion=
                             C:\Users\adamc\Documents\Cortex.API\Cortex.API.Tests\Cortex.API.Tests.csproj
                                     AdditionalProperties=Configuration=Release; Platform=AnyCPU
                                     Configuration=Release
                                     Platform=AnyCPU
                                     SkipNonexistentProjects=False
                                     ToolsVersion= (TaskId:4)
                     Output Item(s): 
                         FilteredRestoreGraphProjectInputItemsWithoutDuplicates=
                             C:\Users\adamc\Documents\Cortex.API\CortexBackend\Cortex.API.csproj
                                     AdditionalProperties=Configuration=Release; Platform=AnyCPU
                                     Configuration=Release
                                     Platform=AnyCPU
                                     SkipNonexistentProjects=False
                                     ToolsVersion=
                             C:\Users\adamc\Documents\Cortex.API\Cortex.API.Tests\Cortex.API.Tests.csproj
                                     AdditionalProperties=Configuration=Release; Platform=AnyCPU
                                     Configuration=Release
                                     Platform=AnyCPU
                                     SkipNonexistentProjects=False
                                     ToolsVersion= (TaskId:4)
                   Done executing task "RemoveDuplicates". (TaskId:4)
                   Using "MSBuild" task from assembly "Microsoft.Build.Tasks.Core, Version=15.1.0.0, Culture=neutral, PublicKeyToken=b03f5f7f11d50a3a".
                   Task "MSBuild" (TaskId:5)
                     Task Parameter:Targets=_IsProjectRestoreSupported (TaskId:5)
                     Task Parameter:BuildInParallel=True (TaskId:5)
                     Task Parameter:
                         Projects=
                             C:\Users\adamc\Documents\Cortex.API\CortexBackend\Cortex.API.csproj
                                     AdditionalProperties=Configuration=Release; Platform=AnyCPU
                                     Configuration=Release
                                     Platform=AnyCPU
                                     SkipNonexistentProjects=False
                                     ToolsVersion=
                             C:\Users\adamc\Documents\Cortex.API\Cortex.API.Tests\Cortex.API.Tests.csproj
                                     AdditionalProperties=Configuration=Release; Platform=AnyCPU
                                     Configuration=Release
                                     Platform=AnyCPU
                                     SkipNonexistentProjects=False
                                     ToolsVersion= (TaskId:5)
                     Task Parameter:
                         Properties=
                             ExcludeRestorePackageImports=true
                             _RestoreSolutionFileUsed=true
                             SolutionDir=C:\Users\adamc\Documents\Cortex.API\
                             SolutionName=Cortex.API
                             SolutionFileName=Cortex.API.sln
                             SolutionPath=C:\Users\adamc\Documents\Cortex.API\Cortex.API.sln
                             SolutionExt=.sln (TaskId:5)
                     Task Parameter:SkipNonexistentTargets=True (TaskId:5)
                     Global Properties: (TaskId:5)
                       ExcludeRestorePackageImports=true (TaskId:5)
                       _RestoreSolutionFileUsed=true (TaskId:5)
                       SolutionDir=C:\Users\adamc\Documents\Cortex.API\ (TaskId:5)
                       SolutionName=Cortex.API (TaskId:5)
                       SolutionFileName=Cortex.API.sln (TaskId:5)
                       SolutionPath=C:\Users\adamc\Documents\Cortex.API\Cortex.API.sln (TaskId:5)
                       SolutionExt=.sln (TaskId:5)
                     Additional Properties for project "C:\Users\adamc\Documents\Cortex.API\CortexBackend\Cortex.API.csproj": (TaskId:5)
                       Configuration=Release (TaskId:5)
                       Platform=AnyCPU (TaskId:5)
                     Additional Properties for project "C:\Users\adamc\Documents\Cortex.API\Cortex.API.Tests\Cortex.API.Tests.csproj": (TaskId:5)
                       Configuration=Release (TaskId:5)
                       Platform=AnyCPU (TaskId:5)
04:44:08.390     0>The SDK "Microsoft.NET.Sdk.Web" was successfully resolved by the "DefaultSdkResolver" resolver to location "C:\Program Files\dotnet\sdk\8.0.420\Sdks\Microsoft.NET.Sdk.Web\Sdk" and version "".
                   Assembly loaded during Evaluation: NuGet.Frameworks, Version=6.11.2.1, Culture=neutral, PublicKeyToken=31bf3856ad364e35 (location: C:\Program Files\dotnet\sdk\8.0.420\NuGet.Frameworks.dll, MVID: 69f2c13d-a9f1-4a43-bb62-e18b47d48034, AssemblyLoadContext: Assembly.LoadFile(C:\Program Files\dotnet\sdk\8.0.420\NuGet.Frameworks.dll))
                   The SDK "Microsoft.NET.Sdk" was successfully resolved by the "DefaultSdkResolver" resolver to location "C:\Program Files\dotnet\sdk\8.0.420\Sdks\Microsoft.NET.Sdk\Sdk" and version "".
                   Property 'MSBuildExtensionsPath' with value 'C:\Program Files\dotnet\sdk\8.0.420\' expanded from the environment.
                   Property reassignment: $(MSBuildProjectExtensionsPath)="C:\Users\adamc\Documents\Cortex.API\CortexBackend\obj\" (previous value: "obj\") at C:\Program Files\dotnet\sdk\8.0.420\Current\Microsoft.Common.props (60,5)
                   Property 'MSBuildUserExtensionsPath' with value 'C:\Users\adamc\AppData\Local\Microsoft\MSBuild' expanded from the environment.
                   The "Configuration" property is a global property, and cannot be modified.
                   The "Platform" property is a global property, and cannot be modified.
                   The "Configuration" property is a global property, and cannot be modified.
                   The "Platform" property is a global property, and cannot be modified.
                   Property reassignment: $(AssemblySearchPaths)="{CandidateAssemblyFiles};{HintPathFromItem}" (previous value: "{CandidateAssemblyFiles}") at C:\Program Files\dotnet\sdk\8.0.420\Sdks\Microsoft.NET.Sdk\targets\Microsoft.NET.Sdk.props (91,5)
                   Property reassignment: $(AssemblySearchPaths)="{CandidateAssemblyFiles};{HintPathFromItem};{TargetFrameworkDirectory}" (previous value: "{CandidateAssemblyFiles};{HintPathFromItem}") at C:\Program Files\dotnet\sdk\8.0.420\Sdks\Microsoft.NET.Sdk\targets\Microsoft.NET.Sdk.props (92,5)
                   Property reassignment: $(AssemblySearchPaths)="{CandidateAssemblyFiles};{HintPathFromItem};{TargetFrameworkDirectory};{RawFileName}" (previous value: "{CandidateAssemblyFiles};{HintPathFromItem};{TargetFrameworkDirectory}") at C:\Program Files\dotnet\sdk\8.0.420\Sdks\Microsoft.NET.Sdk\targets\Microsoft.NET.Sdk.props (93,5)
                   Assembly loaded during Evaluation: System.IO.Pipes, Version=8.0.0.0, Culture=neutral, PublicKeyToken=b03f5f7f11d50a3a (location: C:\Program Files\dotnet\shared\Microsoft.NETCore.App\8.0.26\System.IO.Pipes.dll, MVID: 7fa2be87-fc79-4570-880b-639470d905c8, AssemblyLoadContext: Default)
                   The "DefaultSdkResolver" resolver attempted to resolve the SDK "Microsoft.NET.SDK.WorkloadAutoImportPropsLocator".
                   Warnings: null
                   Errors: MSB4276: The default SDK resolver failed to resolve SDK "Microsoft.NET.SDK.WorkloadAutoImportPropsLocator" because directory "C:\Program Files\dotnet\sdk\8.0.420\Sdks\Microsoft.NET.SDK.WorkloadAutoImportPropsLocator\Sdk" did not exist.
                   Assembly loaded during Evaluation: Microsoft.Build.NuGetSdkResolver, Version=6.11.2.1, Culture=neutral, PublicKeyToken=31bf3856ad364e35 (location: C:\Program Files\dotnet\sdk\8.0.420\Microsoft.Build.NuGetSdkResolver.dll, MVID: 27ccb095-2c92-40dc-8ceb-3c408f94bba3, AssemblyLoadContext: MSBuild plugin C:\Program Files\dotnet\sdk\8.0.420\Microsoft.Build.NuGetSdkResolver.dll)
                   Assembly loaded during Evaluation: Microsoft.NET.Sdk.WorkloadMSBuildSdkResolver, Version=8.0.420.0, Culture=neutral, PublicKeyToken=31bf3856ad364e35 (location: C:\Program Files\dotnet\sdk\8.0.420\Microsoft.NET.Sdk.WorkloadMSBuildSdkResolver.dll, MVID: a9003639-de8d-438c-9790-c15d7b0b27c6, AssemblyLoadContext: MSBuild plugin C:\Program Files\dotnet\sdk\8.0.420\Microsoft.NET.Sdk.WorkloadMSBuildSdkResolver.dll)
                   Assembly loaded during Evaluation: Microsoft.DotNet.Cli.Utils, Version=8.0.420.0, Culture=neutral, PublicKeyToken=adb9793829ddae60 (location: C:\Program Files\dotnet\sdk\8.0.420\Microsoft.DotNet.Cli.Utils.dll, MVID: c4c5acba-924b-41c3-a8a2-f665b0ad0087, AssemblyLoadContext: MSBuild plugin C:\Program Files\dotnet\sdk\8.0.420\Microsoft.NET.Sdk.WorkloadMSBuildSdkResolver.dll)
                   Assembly loaded during Evaluation: Microsoft.NET.Sdk.WorkloadManifestReader, Version=8.0.420.0, Culture=neutral, PublicKeyToken=adb9793829ddae60 (location: C:\Program Files\dotnet\sdk\8.0.420\Microsoft.NET.Sdk.WorkloadManifestReader.dll, MVID: 55f2be3e-8bfa-40b1-b249-656bb120dd6f, AssemblyLoadContext: MSBuild plugin C:\Program Files\dotnet\sdk\8.0.420\Microsoft.NET.Sdk.WorkloadMSBuildSdkResolver.dll)
                   Assembly loaded during Evaluation: Microsoft.Deployment.DotNet.Releases, Version=2.0.0.0, Culture=neutral, PublicKeyToken=31bf3856ad364e35 (location: C:\Program Files\dotnet\sdk\8.0.420\Microsoft.Deployment.DotNet.Releases.dll, MVID: 34f9f9be-a352-437d-b864-e54aac6740dd, AssemblyLoadContext: MSBuild plugin C:\Program Files\dotnet\sdk\8.0.420\Microsoft.NET.Sdk.WorkloadMSBuildSdkResolver.dll)
                   The SDK "Microsoft.NET.SDK.WorkloadAutoImportPropsLocator" was successfully resolved by the "Microsoft.DotNet.MSBuildWorkloadSdkResolver" resolver to location "C:\Program Files\dotnet\packs\Aspire.Hosting.Sdk\8.2.2\Sdk" and version "null".
                   Property reassignment: $(TargetsForTfmSpecificContentInPackage)=";PackTool;_PackProjectToolValidation" (previous value: ";PackTool") at C:\Program Files\dotnet\sdk\8.0.420\Sdks\Microsoft.NET.Sdk\targets\Microsoft.NET.PackProjectTool.props (15,5)
                   The SDK "Microsoft.NET.Sdk.Razor" was successfully resolved by the "DefaultSdkResolver" resolver to location "C:\Program Files\dotnet\sdk\8.0.420\Sdks\Microsoft.NET.Sdk.Razor\Sdk" and version "".
                   The SDK "Microsoft.NET.Sdk.StaticWebAssets" was successfully resolved by the "DefaultSdkResolver" resolver to location "C:\Program Files\dotnet\sdk\8.0.420\Sdks\Microsoft.NET.Sdk.StaticWebAssets\Sdk" and version "".
                   Property reassignment: $(DefaultItemExcludes)=";**\node_modules\**;node_modules\**;**\jspm_packages\**;jspm_packages\**" (previous value: ";**\node_modules\**;node_modules\**") at C:\Program Files\dotnet\sdk\8.0.420\Sdks\Microsoft.NET.Sdk.StaticWebAssets\Sdk\Sdk.StaticWebAssets.StaticAssets.ProjectSystem.props (23,5)
                   Property reassignment: $(DefaultItemExcludes)=";**\node_modules\**;node_modules\**;**\jspm_packages\**;jspm_packages\**;**\bower_components\**;bower_components\**" (previous value: ";**\node_modules\**;node_modules\**;**\jspm_packages\**;jspm_packages\**") at C:\Program Files\dotnet\sdk\8.0.420\Sdks\Microsoft.NET.Sdk.StaticWebAssets\Sdk\Sdk.StaticWebAssets.StaticAssets.ProjectSystem.props (24,5)
                   The SDK "Microsoft.NET.Sdk.Web.ProjectSystem" was successfully resolved by the "DefaultSdkResolver" resolver to location "C:\Program Files\dotnet\sdk\8.0.420\Sdks\Microsoft.NET.Sdk.Web.ProjectSystem\Sdk" and version "".
                   Property reassignment: $(OutputType)="Exe" (previous value: "Library") at C:\Program Files\dotnet\sdk\8.0.420\Sdks\Microsoft.NET.Sdk.Web.ProjectSystem\targets\Microsoft.NET.Sdk.Web.ProjectSystem.props (16,5)
                   The SDK "Microsoft.NET.Sdk.Publish" was successfully resolved by the "DefaultSdkResolver" resolver to location "C:\Program Files\dotnet\sdk\8.0.420\Sdks\Microsoft.NET.Sdk.Publish\Sdk" and version "".
                   The "Configuration" property is a global property, and cannot be modified.
                   The "Platform" property is a global property, and cannot be modified.
                   Property reassignment: $(PublishProfileImported)="false" (previous value: "true") at C:\Program Files\dotnet\sdk\8.0.420\Sdks\Microsoft.NET.Sdk\targets\Microsoft.NET.Sdk.ImportPublishProfile.targets (28,5)
                   Property reassignment: $(TargetPlatformVersion)="" (previous value: "0.0") at C:\Program Files\dotnet\sdk\8.0.420\Sdks\Microsoft.NET.Sdk\targets\Microsoft.NET.TargetFrameworkInference.targets (69,5)
                   Property reassignment: $(DefaultItemExcludes)=";**\node_modules\**;node_modules\**;**\jspm_packages\**;jspm_packages\**;**\bower_components\**;bower_components\**;bin\Release\/**" (previous value: ";**\node_modules\**;node_modules\**;**\jspm_packages\**;jspm_packages\**;**\bower_components\**;bower_components\**") at C:\Program Files\dotnet\sdk\8.0.420\Sdks\Microsoft.NET.Sdk\targets\Microsoft.NET.DefaultOutputPaths.targets (121,5)
                   Property reassignment: $(DefaultItemExcludes)=";**\node_modules\**;node_modules\**;**\jspm_packages\**;jspm_packages\**;**\bower_components\**;bower_components\**;bin\Release\/**;obj\Release\/**" (previous value: ";**\node_modules\**;node_modules\**;**\jspm_packages\**;jspm_packages\**;**\bower_components\**;bower_components\**;bin\Release\/**") at C:\Program Files\dotnet\sdk\8.0.420\Sdks\Microsoft.NET.Sdk\targets\Microsoft.NET.DefaultOutputPaths.targets (122,5)
                   Property reassignment: $(OutputPath)="bin\Release\net8.0\" (previous value: "bin\Release\") at C:\Program Files\dotnet\sdk\8.0.420\Sdks\Microsoft.NET.Sdk\targets\Microsoft.NET.DefaultOutputPaths.targets (137,5)
                   Property reassignment: $(IntermediateOutputPath)="obj\Release\net8.0\" (previous value: "obj\Release\") at C:\Program Files\dotnet\sdk\8.0.420\Sdks\Microsoft.NET.Sdk\targets\Microsoft.NET.DefaultOutputPaths.targets (142,5)
                   The "DefaultSdkResolver" resolver attempted to resolve the SDK "Microsoft.NET.SDK.WorkloadManifestTargetsLocator".
                   Warnings: null
                   Errors: MSB4276: The default SDK resolver failed to resolve SDK "Microsoft.NET.SDK.WorkloadManifestTargetsLocator" because directory "C:\Program Files\dotnet\sdk\8.0.420\Sdks\Microsoft.NET.SDK.WorkloadManifestTargetsLocator\Sdk" did not exist.
                   The SDK "Microsoft.NET.SDK.WorkloadManifestTargetsLocator" was successfully resolved by the "Microsoft.DotNet.MSBuildWorkloadSdkResolver" resolver to location "C:\Program Files\dotnet\sdk-manifests\8.0.100\microsoft.net.sdk.android\34.0.43" and version "null".
                   Property reassignment: $(_FrameworkIdentifierForImplicitDefine)="NET" (previous value: "NETCOREAPP") at C:\Program Files\dotnet\sdk\8.0.420\Sdks\Microsoft.NET.Sdk\targets\Microsoft.NET.Sdk.BeforeCommon.targets (187,5)
                   Property reassignment: $(_FrameworkVersionForImplicitDefine)="8_0" (previous value: "8.0") at C:\Program Files\dotnet\sdk\8.0.420\Sdks\Microsoft.NET.Sdk\targets\Microsoft.NET.Sdk.BeforeCommon.targets (192,5)
                   Property reassignment: $(CommandLineArgsForDesignTimeEvaluation)="-langversion:12.0 -define:TRACE" (previous value: "-langversion:12.0") at C:\Program Files\dotnet\sdk\8.0.420\Roslyn\Microsoft.CSharp.Core.targets (200,5)
                   The "Platform" property is a global property, and cannot be modified.
                   The "Configuration" property is a global property, and cannot be modified.
                   Property reassignment: $(_DebugSymbolsProduced)="true" (previous value: "false") at C:\Program Files\dotnet\sdk\8.0.420\Microsoft.Common.CurrentVersion.targets (175,5)
                   Property reassignment: $(_DocumentationFileProduced)="false" (previous value: "true") at C:\Program Files\dotnet\sdk\8.0.420\Microsoft.Common.CurrentVersion.targets (185,5)
                   The "SolutionName" property is a global property, and cannot be modified.
                   The "SolutionFileName" property is a global property, and cannot be modified.
                   The "SolutionPath" property is a global property, and cannot be modified.
                   The "SolutionDir" property is a global property, and cannot be modified.
                   The "SolutionExt" property is a global property, and cannot be modified.
                   Property reassignment: $(MSBuildCopyMarkerName)="Cortex.API.csproj.Up2Date" (previous value: "Cortex.API.csproj") at C:\Program Files\dotnet\sdk\8.0.420\Microsoft.Common.CurrentVersion.targets (393,5)
                   Property reassignment: $(ProcessorArchitecture)="msil" (previous value: "") at C:\Program Files\dotnet\sdk\8.0.420\Microsoft.Common.CurrentVersion.targets (541,5)
                   Property reassignment: $(DelaySign)="" (previous value: "false") at C:\Program Files\dotnet\sdk\8.0.420\Microsoft.Common.CurrentVersion.targets (580,5)
                   Property 'LOCALAPPDATA' with value 'C:\Users\adamc\AppData\Local' expanded from the environment.
                   Property reassignment: $(_SGenGenerateSerializationAssembliesConfig)="Auto" (previous value: "") at C:\Program Files\dotnet\sdk\8.0.420\Microsoft.Common.CurrentVersion.targets (3896,5)
                   Property reassignment: $(_TargetsThatPrepareProjectReferences)="
                         AssignProjectConfiguration;
                         _SplitProjectReferencesByFileExistence
                       " (previous value: "_SplitProjectReferencesByFileExistence") at C:\Program Files\dotnet\sdk\8.0.420\Microsoft.Common.CurrentVersion.targets (5099,5)
                   Property 'MSBuildExtensionsPath32' with value 'C:\Program Files\dotnet\sdk\8.0.420' expanded from the environment.
                   The "_RestoreSolutionFileUsed" property is a global property, and cannot be modified.
                   Property reassignment: $(_GenerateRestoreGraphProjectEntryInputProperties)="
                         ExcludeRestorePackageImports=true;
                         _RestoreSolutionFileUsed=true;
                         SolutionDir=C:\Users\adamc\Documents\Cortex.API\;
                         SolutionName=Cortex.API;
                         SolutionFileName=Cortex.API.sln;
                         SolutionPath=C:\Users\adamc\Documents\Cortex.API\Cortex.API.sln;
                         SolutionExt=.sln;
                       " (previous value: "ExcludeRestorePackageImports=true") at C:\Program Files\dotnet\sdk\8.0.420\NuGet.targets (101,5)
                   Property reassignment: $(ProjectAssetsFile)="C:\Users\adamc\Documents\Cortex.API\CortexBackend\obj\project.assets.json" (previous value: "C:\Users\adamc\Documents\Cortex.API\CortexBackend\obj\/project.assets.json") at C:\Program Files\dotnet\sdk\8.0.420\Sdks\Microsoft.NET.Sdk\targets\Microsoft.PackageDependencyResolution.targets (24,5)
                   Property reassignment: $(ProjectAssetsCacheFile)="C:\Users\adamc\Documents\Cortex.API\CortexBackend\obj\Release\net8.0\Cortex.API.assets.cache" (previous value: "obj\Release\net8.0\Cortex.API.assets.cache") at C:\Program Files\dotnet\sdk\8.0.420\Sdks\Microsoft.NET.Sdk\targets\Microsoft.PackageDependencyResolution.targets (29,5)
                   Property reassignment: $(ResolveAssemblyReferencesDependsOn)="
                         
                         ResolveProjectReferences;
                         FindInvalidProjectReferences;
                         GetFrameworkPaths;
                         GetReferenceAssemblyPaths;
                         PrepareForBuild;
                         ResolveSDKReferences;
                         ExpandSDKReferences;
                       ;
                         ResolvePackageDependenciesForBuild;
                         _HandlePackageFileConflicts;
                       " (previous value: "
                         ResolveProjectReferences;
                         FindInvalidProjectReferences;
                         GetFrameworkPaths;
                         GetReferenceAssemblyPaths;
                         PrepareForBuild;
                         ResolveSDKReferences;
                         ExpandSDKReferences;
                       ") at C:\Program Files\dotnet\sdk\8.0.420\Sdks\Microsoft.NET.Sdk\targets\Microsoft.PackageDependencyResolution.targets (80,5)
                   Property reassignment: $(PrepareResourcesDependsOn)="
                         ResolvePackageDependenciesForBuild;
                         _HandlePackageFileConflicts;
                         
                         ;
                         PrepareResourceNames;
                         ResGen;
                         CompileLicxFiles
                       
                       " (previous value: "
                         ;
                         PrepareResourceNames;
                         ResGen;
                         CompileLicxFiles
                       ") at C:\Program Files\dotnet\sdk\8.0.420\Sdks\Microsoft.NET.Sdk\targets\Microsoft.PackageDependencyResolution.targets (86,5)
                   Property reassignment: $(DefaultItemExcludes)=";**\node_modules\**;node_modules\**;**\jspm_packages\**;jspm_packages\**;**\bower_components\**;bower_components\**;bin\Release\/**;obj\Release\/**;bin\/**" (previous value: ";**\node_modules\**;node_modules\**;**\jspm_packages\**;jspm_packages\**;**\bower_components\**;bower_components\**;bin\Release\/**;obj\Release\/**") at C:\Program Files\dotnet\sdk\8.0.420\Sdks\Microsoft.NET.Sdk\targets\Microsoft.NET.Sdk.DefaultItems.targets (27,5)
                   Property reassignment: $(DefaultItemExcludes)=";**\node_modules\**;node_modules\**;**\jspm_packages\**;jspm_packages\**;**\bower_components\**;bower_components\**;bin\Release\/**;obj\Release\/**;bin\/**;obj\/**" (previous value: ";**\node_modules\**;node_modules\**;**\jspm_packages\**;jspm_packages\**;**\bower_components\**;bower_components\**;bin\Release\/**;obj\Release\/**;bin\/**") at C:\Program Files\dotnet\sdk\8.0.420\Sdks\Microsoft.NET.Sdk\targets\Microsoft.NET.Sdk.DefaultItems.targets (29,5)
                   Property reassignment: $(DefaultItemExcludes)=";**\node_modules\**;node_modules\**;**\jspm_packages\**;jspm_packages\**;**\bower_components\**;bower_components\**;bin\Release\/**;obj\Release\/**;bin\/**;obj\/**;**/*.user" (previous value: ";**\node_modules\**;node_modules\**;**\jspm_packages\**;jspm_packages\**;**\bower_components\**;bower_components\**;bin\Release\/**;obj\Release\/**;bin\/**;obj\/**") at C:\Program Files\dotnet\sdk\8.0.420\Sdks\Microsoft.NET.Sdk\targets\Microsoft.NET.Sdk.DefaultItems.targets (32,5)
                   Property reassignment: $(DefaultItemExcludes)=";**\node_modules\**;node_modules\**;**\jspm_packages\**;jspm_packages\**;**\bower_components\**;bower_components\**;bin\Release\/**;obj\Release\/**;bin\/**;obj\/**;**/*.user;**/*.*proj" (previous value: ";**\node_modules\**;node_modules\**;**\jspm_packages\**;jspm_packages\**;**\bower_components\**;bower_components\**;bin\Release\/**;obj\Release\/**;bin\/**;obj\/**;**/*.user") at C:\Program Files\dotnet\sdk\8.0.420\Sdks\Microsoft.NET.Sdk\targets\Microsoft.NET.Sdk.DefaultItems.targets (33,5)
                   Property reassignment: $(DefaultItemExcludes)=";**\node_modules\**;node_modules\**;**\jspm_packages\**;jspm_packages\**;**\bower_components\**;bower_components\**;bin\Release\/**;obj\Release\/**;bin\/**;obj\/**;**/*.user;**/*.*proj;**/*.sln" (previous value: ";**\node_modules\**;node_modules\**;**\jspm_packages\**;jspm_packages\**;**\bower_components\**;bower_components\**;bin\Release\/**;obj\Release\/**;bin\/**;obj\/**;**/*.user;**/*.*proj") at C:\Program Files\dotnet\sdk\8.0.420\Sdks\Microsoft.NET.Sdk\targets\Microsoft.NET.Sdk.DefaultItems.targets (34,5)
                   Property reassignment: $(DefaultItemExcludes)=";**\node_modules\**;node_modules\**;**\jspm_packages\**;jspm_packages\**;**\bower_components\**;bower_components\**;bin\Release\/**;obj\Release\/**;bin\/**;obj\/**;**/*.user;**/*.*proj;**/*.sln;**/*.vssscc" (previous value: ";**\node_modules\**;node_modules\**;**\jspm_packages\**;jspm_packages\**;**\bower_components\**;bower_components\**;bin\Release\/**;obj\Release\/**;bin\/**;obj\/**;**/*.user;**/*.*proj;**/*.sln") at C:\Program Files\dotnet\sdk\8.0.420\Sdks\Microsoft.NET.Sdk\targets\Microsoft.NET.Sdk.DefaultItems.targets (35,5)
                   Property reassignment: $(DefaultItemExcludes)=";**\node_modules\**;node_modules\**;**\jspm_packages\**;jspm_packages\**;**\bower_components\**;bower_components\**;bin\Release\/**;obj\Release\/**;bin\/**;obj\/**;**/*.user;**/*.*proj;**/*.sln;**/*.vssscc;**/.DS_Store" (previous value: ";**\node_modules\**;node_modules\**;**\jspm_packages\**;jspm_packages\**;**\bower_components\**;bower_components\**;bin\Release\/**;obj\Release\/**;bin\/**;obj\/**;**/*.user;**/*.*proj;**/*.sln;**/*.vssscc") at C:\Program Files\dotnet\sdk\8.0.420\Sdks\Microsoft.NET.Sdk\targets\Microsoft.NET.Sdk.DefaultItems.targets (36,5)
                   Property reassignment: $(ResolveAssemblyReferencesDependsOn)="
                         
                         
                         ResolveProjectReferences;
                         FindInvalidProjectReferences;
                         GetFrameworkPaths;
                         GetReferenceAssemblyPaths;
                         PrepareForBuild;
                         ResolveSDKReferences;
                         ExpandSDKReferences;
                       ;
                         ResolvePackageDependenciesForBuild;
                         _HandlePackageFileConflicts;
                       ;
                         ResolveTargetingPackAssets;
                       " (previous value: "
                         
                         ResolveProjectReferences;
                         FindInvalidProjectReferences;
                         GetFrameworkPaths;
                         GetReferenceAssemblyPaths;
                         PrepareForBuild;
                         ResolveSDKReferences;
                         ExpandSDKReferences;
                       ;
                         ResolvePackageDependenciesForBuild;
                         _HandlePackageFileConflicts;
                       ") at C:\Program Files\dotnet\sdk\8.0.420\Sdks\Microsoft.NET.Sdk\targets\Microsoft.NET.Sdk.FrameworkReferenceResolution.targets (14,5)
                   Property reassignment: $(_GenerateRuntimeConfigurationPropertyInputsCache)="C:\Users\adamc\Documents\Cortex.API\CortexBackend\obj\Release\net8.0\Cortex.API.genruntimeconfig.cache" (previous value: "obj\Release\net8.0\Cortex.API.genruntimeconfig.cache") at C:\Program Files\dotnet\sdk\8.0.420\Sdks\Microsoft.NET.Sdk\targets\Microsoft.NET.Sdk.targets (44,5)
                   Property reassignment: $(_GeneratePublishDependencyFilePropertyInputsCache)="C:\Users\adamc\Documents\Cortex.API\CortexBackend\obj\Release\net8.0\Cortex.API.genpublishdeps.cache" (previous value: "obj\Release\net8.0\Cortex.API.genpublishdeps.cache") at C:\Program Files\dotnet\sdk\8.0.420\Sdks\Microsoft.NET.Sdk\targets\Microsoft.NET.Sdk.targets (46,5)
                   Property reassignment: $(_GenerateSingleFileBundlePropertyInputsCache)="C:\Users\adamc\Documents\Cortex.API\CortexBackend\obj\Release\net8.0\Cortex.API.genbundle.cache" (previous value: "obj\Release\net8.0\Cortex.API.genbundle.cache") at C:\Program Files\dotnet\sdk\8.0.420\Sdks\Microsoft.NET.Sdk\targets\Microsoft.NET.Sdk.targets (48,5)
                   Property reassignment: $(GenerateRuntimeConfigDevFile)="false" (previous value: "true") at C:\Program Files\dotnet\sdk\8.0.420\Sdks\Microsoft.NET.Sdk\targets\Microsoft.NET.Sdk.targets (81,5)
                   Property 'USERPROFILE' with value 'C:\Users\adamc' expanded from the environment.
                   Property reassignment: $(_DefaultUserProfileRuntimeStorePath)="C:\Users\adamc" (previous value: "") at C:\Program Files\dotnet\sdk\8.0.420\Sdks\Microsoft.NET.Sdk\targets\Microsoft.NET.Sdk.targets (97,5)
                   Property reassignment: $(_DefaultUserProfileRuntimeStorePath)="C:\Users\adamc\.dotnet\store" (previous value: "C:\Users\adamc") at C:\Program Files\dotnet\sdk\8.0.420\Sdks\Microsoft.NET.Sdk\targets\Microsoft.NET.Sdk.targets (98,5)
                   Property reassignment: $(AvailablePlatforms)="Any CPU,x86,x64,ARM32" (previous value: "Any CPU,x86,x64") at C:\Program Files\dotnet\sdk\8.0.420\Sdks\Microsoft.NET.Sdk\targets\Microsoft.NET.Sdk.targets (136,5)
                   Property reassignment: $(AvailablePlatforms)="Any CPU,x86,x64,ARM32,ARM64" (previous value: "Any CPU,x86,x64,ARM32") at C:\Program Files\dotnet\sdk\8.0.420\Sdks\Microsoft.NET.Sdk\targets\Microsoft.NET.Sdk.targets (140,5)
                   Property reassignment: $(CoreBuildDependsOn)="
                         _CheckForBuildWithNoBuild;
                         
                         BuildOnlySettings;
                         PrepareForBuild;
                         PreBuildEvent;
                         ResolveReferences;
                         PrepareResources;
                         ResolveKeySource;
                         Compile;
                         ExportWindowsMDFile;
                         UnmanagedUnregistration;
                         GenerateSerializationAssemblies;
                         CreateSatelliteAssemblies;
                         GenerateManifests;
                         GetTargetPath;
                         PrepareForRun;
                         UnmanagedRegistration;
                         IncrementalClean;
                         PostBuildEvent
                       ;
                         GenerateBuildDependencyFile;
                         GenerateBuildRuntimeConfigurationFiles
                       " (previous value: "
                         BuildOnlySettings;
                         PrepareForBuild;
                         PreBuildEvent;
                         ResolveReferences;
                         PrepareResources;
                         ResolveKeySource;
                         Compile;
                         ExportWindowsMDFile;
                         UnmanagedUnregistration;
                         GenerateSerializationAssemblies;
                         CreateSatelliteAssemblies;
                         GenerateManifests;
                         GetTargetPath;
                         PrepareForRun;
                         UnmanagedRegistration;
                         IncrementalClean;
                         PostBuildEvent
                       ") at C:\Program Files\dotnet\sdk\8.0.420\Sdks\Microsoft.NET.Sdk\targets\Microsoft.NET.Sdk.targets (197,5)
                   Property reassignment: $(CoreCleanDependsOn)="
                         _SdkBeforeClean;
                         
                       " (previous value: "") at C:\Program Files\dotnet\sdk\8.0.420\Sdks\Microsoft.NET.Sdk\targets\Microsoft.NET.Sdk.targets (206,5)
                   Property reassignment: $(RebuildDependsOn)="
                         _SdkBeforeRebuild;
                         
                         BeforeRebuild;
                         Clean;
                         Build;
                         AfterRebuild;
                       
                       " (previous value: "
                         BeforeRebuild;
                         Clean;
                         Build;
                         AfterRebuild;
                       ") at C:\Program Files\dotnet\sdk\8.0.420\Sdks\Microsoft.NET.Sdk\targets\Microsoft.NET.Sdk.targets (213,5)
                   Property reassignment: $(CompileDependsOn)="
                         
                         ResolveReferences;
                         ResolveKeySource;
                         SetWin32ManifestProperties;
                         _SetPreferNativeArm64Win32ManifestProperties;
                         FindReferenceAssembliesForReferences;
                         _GenerateCompileInputs;
                         BeforeCompile;
                         _TimeStampBeforeCompile;
                         _GenerateCompileDependencyCache;
                         CoreCompile;
                         _TimeStampAfterCompile;
                         AfterCompile;
                       ;
                         _CreateAppHost;
                         _CreateComHost;
                         _GetIjwHostPaths;
                       " (previous value: "
                         ResolveReferences;
                         ResolveKeySource;
                         SetWin32ManifestProperties;
                         _SetPreferNativeArm64Win32ManifestProperties;
                         FindReferenceAssembliesForReferences;
                         _GenerateCompileInputs;
                         BeforeCompile;
                         _TimeStampBeforeCompile;
                         _GenerateCompileDependencyCache;
                         CoreCompile;
                         _TimeStampAfterCompile;
                         AfterCompile;
                       ") at C:\Program Files\dotnet\sdk\8.0.420\Sdks\Microsoft.NET.Sdk\targets\Microsoft.NET.Sdk.targets (679,5)
                   Property reassignment: $(CreateSatelliteAssembliesDependsOn)="
                         
                         ;
                         _GenerateSatelliteAssemblyInputs;
                         ComputeIntermediateSatelliteAssemblies;
                         GenerateSatelliteAssemblies
                       ;
                         CoreGenerateSatelliteAssemblies
                       " (previous value: "
                         ;
                         _GenerateSatelliteAssemblyInputs;
                         ComputeIntermediateSatelliteAssemblies;
                         GenerateSatelliteAssemblies
                       ") at C:\Program Files\dotnet\sdk\8.0.420\Sdks\Microsoft.NET.Sdk\targets\Microsoft.NET.Sdk.targets (1065,5)
                   Property reassignment: $(SourceLinkUrlInitializerTargets)=";_InitializeGitHubSourceLinkUrl;_InitializeGitLabSourceLinkUrl" (previous value: ";_InitializeGitHubSourceLinkUrl") at C:\Program Files\dotnet\sdk\8.0.420\Sdks\Microsoft.SourceLink.GitLab\build\Microsoft.SourceLink.GitLab.targets (12,5)
                   Property reassignment: $(SourceControlManagerUrlTranslationTargets)=";TranslateGitHubUrlsInSourceControlInformation;TranslateGitLabUrlsInSourceControlInformation" (previous value: ";TranslateGitHubUrlsInSourceControlInformation") at C:\Program Files\dotnet\sdk\8.0.420\Sdks\Microsoft.SourceLink.GitLab\build\Microsoft.SourceLink.GitLab.targets (13,5)
                   Property reassignment: $(SourceLinkUrlInitializerTargets)=";_InitializeGitHubSourceLinkUrl;_InitializeGitLabSourceLinkUrl;_InitializeAzureReposGitSourceLinkUrl" (previous value: ";_InitializeGitHubSourceLinkUrl;_InitializeGitLabSourceLinkUrl") at C:\Program Files\dotnet\sdk\8.0.420\Sdks\Microsoft.SourceLink.AzureRepos.Git\build\Microsoft.SourceLink.AzureRepos.Git.targets (12,5)
                   Property reassignment: $(SourceControlManagerUrlTranslationTargets)=";TranslateGitHubUrlsInSourceControlInformation;TranslateGitLabUrlsInSourceControlInformation;TranslateAzureReposGitUrlsInSourceControlInformation" (previous value: ";TranslateGitHubUrlsInSourceControlInformation;TranslateGitLabUrlsInSourceControlInformation") at C:\Program Files\dotnet\sdk\8.0.420\Sdks\Microsoft.SourceLink.AzureRepos.Git\build\Microsoft.SourceLink.AzureRepos.Git.targets (13,5)
                   Property reassignment: $(SourceLinkUrlInitializerTargets)=";_InitializeGitHubSourceLinkUrl;_InitializeGitLabSourceLinkUrl;_InitializeAzureReposGitSourceLinkUrl;_InitializeBitbucketGitSourceLinkUrl" (previous value: ";_InitializeGitHubSourceLinkUrl;_InitializeGitLabSourceLinkUrl;_InitializeAzureReposGitSourceLinkUrl") at C:\Program Files\dotnet\sdk\8.0.420\Sdks\Microsoft.SourceLink.Bitbucket.Git\build\Microsoft.SourceLink.Bitbucket.Git.targets (12,5)
                   Property reassignment: $(SourceControlManagerUrlTranslationTargets)=";TranslateGitHubUrlsInSourceControlInformation;TranslateGitLabUrlsInSourceControlInformation;TranslateAzureReposGitUrlsInSourceControlInformation;TranslateBitbucketGitUrlsInSourceControlInformation" (previous value: ";TranslateGitHubUrlsInSourceControlInformation;TranslateGitLabUrlsInSourceControlInformation;TranslateAzureReposGitUrlsInSourceControlInformation") at C:\Program Files\dotnet\sdk\8.0.420\Sdks\Microsoft.SourceLink.Bitbucket.Git\build\Microsoft.SourceLink.Bitbucket.Git.targets (13,5)
                   Property reassignment: $(DesignerRuntimeImplementationProjectOutputGroupDependsOn)="
                         
                         ;
                         
                         ;
                         BuildOnlySettings;
                         PrepareForBuild;
                         AssignTargetPaths;
                         ResolveReferences
                       
                       ;
                         _GenerateDesignerDepsFile;
                         _GenerateDesignerRuntimeConfigFile;
                         GetCopyToOutputDirectoryItems;
                         _GatherDesignerShadowCopyFiles;
                       " (previous value: "
                         ;
                         
                         ;
                         BuildOnlySettings;
                         PrepareForBuild;
                         AssignTargetPaths;
                         ResolveReferences
                       
                       ") at C:\Program Files\dotnet\sdk\8.0.420\Sdks\Microsoft.NET.Sdk\targets\Microsoft.NET.DesignerSupport.targets (21,5)
                   Property reassignment: $(_GenerateToolsSettingsFileCacheFile)="C:\Users\adamc\Documents\Cortex.API\CortexBackend\obj\Release\net8.0\Cortex.API.toolssettingsinput.cache" (previous value: "obj\Release\net8.0\Cortex.API.toolssettingsinput.cache") at C:\Program Files\dotnet\sdk\8.0.420\Sdks\Microsoft.NET.Sdk\targets\Microsoft.NET.PackTool.targets (68,5)
                   Property reassignment: $(_ShimInputCacheFile)="C:\Users\adamc\Documents\Cortex.API\CortexBackend\obj\Release\net8.0\Cortex.API.shiminput.cache" (previous value: "obj\Release\net8.0\Cortex.API.shiminput.cache") at C:\Program Files\dotnet\sdk\8.0.420\Sdks\Microsoft.NET.Sdk\targets\Microsoft.NET.PackTool.targets (137,5)
                   Property reassignment: $(_ShimCreatedSentinelFile)="C:\Users\adamc\Documents\Cortex.API\CortexBackend\obj\Release\net8.0\Cortex.API.shimcreated.sentinel" (previous value: "obj\Release\net8.0\Cortex.API.shimcreated.sentinel") at C:\Program Files\dotnet\sdk\8.0.420\Sdks\Microsoft.NET.Sdk\targets\Microsoft.NET.PackTool.targets (139,5)
                   Property reassignment: $(DefineConstants)="TRACE;RELEASE" (previous value: "TRACE") at C:\Program Files\dotnet\sdk\8.0.420\Sdks\Microsoft.NET.Sdk\targets\Microsoft.NET.Sdk.CSharp.targets (31,5)
                   Property reassignment: $(DefineConstants)="TRACE;RELEASE;NET;NET8_0;NETCOREAPP" (previous value: "TRACE;RELEASE") at C:\Program Files\dotnet\sdk\8.0.420\Sdks\Microsoft.NET.Sdk\targets\Microsoft.NET.Sdk.CSharp.targets (34,5)
                   Property reassignment: $(WarningsAsErrors)=";NU1605;SYSLIB0011" (previous value: ";NU1605") at C:\Program Files\dotnet\sdk\8.0.420\Sdks\Microsoft.NET.Sdk\targets\Microsoft.NET.Sdk.CSharp.targets (48,5)
                   Property reassignment: $(PackageDescription)="Package Description" (previous value: "") at C:\Program Files\dotnet\sdk\8.0.420\Sdks\NuGet.Build.Tasks.Pack\build\NuGet.Build.Tasks.Pack.targets (34,5)
                   Property reassignment: $(GenerateNuspecDependsOn)="Build;_LoadPackInputItems; _GetTargetFrameworksOutput; _WalkEachTargetPerFramework; _GetPackageFiles; " (previous value: "_LoadPackInputItems; _GetTargetFrameworksOutput; _WalkEachTargetPerFramework; _GetPackageFiles; ") at C:\Program Files\dotnet\sdk\8.0.420\Sdks\NuGet.Build.Tasks.Pack\build\NuGet.Build.Tasks.Pack.targets (59,5)
                   Property reassignment: $(_IsNotSetContainersTargetsDir)="true" (previous value: "false") at C:\Program Files\dotnet\sdk\8.0.420\Sdks\Microsoft.NET.Sdk\Sdk\Sdk.targets (59,5)
                   Property reassignment: $(_IsSDKContainerAllowedVersion)="true" (previous value: "false") at C:\Program Files\dotnet\sdk\8.0.420\Containers\build\Microsoft.NET.Build.Containers.targets (5,5)
                   Property reassignment: $(_ContainerIsTargetingNet8TFM)="true" (previous value: "false") at C:\Program Files\dotnet\sdk\8.0.420\Containers\build\Microsoft.NET.Build.Containers.targets (15,5)
                   Property 'DOTNET_HOST_PATH' with value 'C:\Program Files\dotnet\dotnet.exe' expanded from the environment.
                   Property reassignment: $(PrepareForRunDependsOn)="StaticWebAssetsPrepareForRun;
                         CopyFilesToOutputDirectory
                       " (previous value: "
                         CopyFilesToOutputDirectory
                       ") at C:\Program Files\dotnet\sdk\8.0.420\Sdks\Microsoft.NET.Sdk.StaticWebAssets\targets\Microsoft.NET.Sdk.StaticWebAssets.targets (255,5)
                   Property reassignment: $(GetCopyToOutputDirectoryItemsDependsOn)="
                         AssignTargetPaths;
                         
                         AssignProjectConfiguration;
                         _SplitProjectReferencesByFileExistence
                       ;
                         _GetProjectReferenceTargetFrameworkProperties;
                         _PopulateCommonStateForGetCopyToOutputDirectoryItems
                       ;AddStaticWebAssetsManifest" (previous value: "
                         AssignTargetPaths;
                         
                         AssignProjectConfiguration;
                         _SplitProjectReferencesByFileExistence
                       ;
                         _GetProjectReferenceTargetFrameworkProperties;
                         _PopulateCommonStateForGetCopyToOutputDirectoryItems
                       ") at C:\Program Files\dotnet\sdk\8.0.420\Sdks\Microsoft.NET.Sdk.StaticWebAssets\targets\Microsoft.NET.Sdk.StaticWebAssets.targets (266,5)
                   Property reassignment: $(GenerateNuspecDependsOn)="
                         IncludeStaticWebAssetsPackItems;
                         Build;_LoadPackInputItems; _GetTargetFrameworksOutput; _WalkEachTargetPerFramework; _GetPackageFiles; ;
                       " (previous value: "Build;_LoadPackInputItems; _GetTargetFrameworksOutput; _WalkEachTargetPerFramework; _GetPackageFiles; ") at C:\Program Files\dotnet\sdk\8.0.420\Sdks\Microsoft.NET.Sdk.StaticWebAssets\targets\Microsoft.NET.Sdk.StaticWebAssets.Pack.targets (41,5)
                   Property reassignment: $(IncludeStaticWebAssetsPackItemsDependsOn)="
                         Build;
                         ResolveStaticWebAssetsConfiguration;LoadStaticWebAssetsBuildManifest
                       ;
                       " (previous value: "
                         ResolveStaticWebAssetsConfiguration;LoadStaticWebAssetsBuildManifest
                       ") at C:\Program Files\dotnet\sdk\8.0.420\Sdks\Microsoft.NET.Sdk.StaticWebAssets\targets\Microsoft.NET.Sdk.StaticWebAssets.Pack.targets (50,5)
                   Property reassignment: $(ResolveStaticWebAssetsInputsDependsOn)="
                       UpdateExistingPackageStaticWebAssets;ResolveProjectStaticWebAssets;ResolveEmbeddedProjectsStaticWebAssets;ResolveReferencedProjectsStaticWebAssets;;
                       UpdateLegacyPackageScopedCssBundles;
                       _AddScopedCssBundles;
                     " (previous value: "UpdateExistingPackageStaticWebAssets;ResolveProjectStaticWebAssets;ResolveEmbeddedProjectsStaticWebAssets;ResolveReferencedProjectsStaticWebAssets;") at C:\Program Files\dotnet\sdk\8.0.420\Sdks\Microsoft.NET.Sdk.StaticWebAssets\targets\Microsoft.NET.Sdk.StaticWebAssets.ScopedCss.targets (55,3)
                   Property reassignment: $(GenerateComputedBuildStaticWebAssetsDependsOn)="
                       ;
                       _ResolveBundlingConfiguration;
                       _GenerateScopedCssFiles;
                       BundleScopedCssFiles;
                     " (previous value: "") at C:\Program Files\dotnet\sdk\8.0.420\Sdks\Microsoft.NET.Sdk.StaticWebAssets\targets\Microsoft.NET.Sdk.StaticWebAssets.ScopedCss.targets (61,3)
                   Property reassignment: $(ResolveStaticWebAssetsInputsDependsOn)="
                         
                       UpdateExistingPackageStaticWebAssets;ResolveProjectStaticWebAssets;ResolveEmbeddedProjectsStaticWebAssets;ResolveReferencedProjectsStaticWebAssets;;
                       UpdateLegacyPackageScopedCssBundles;
                       _AddScopedCssBundles;
                     ;
                         _AddJsModulesToStaticWebAssets;
                       " (previous value: "
                       UpdateExistingPackageStaticWebAssets;ResolveProjectStaticWebAssets;ResolveEmbeddedProjectsStaticWebAssets;ResolveReferencedProjectsStaticWebAssets;;
                       UpdateLegacyPackageScopedCssBundles;
                       _AddScopedCssBundles;
                     ") at C:\Program Files\dotnet\sdk\8.0.420\Sdks\Microsoft.NET.Sdk.StaticWebAssets\targets\Microsoft.NET.Sdk.StaticWebAssets.JSModules.targets (36,5)
                   Property reassignment: $(StaticWebAssetsPrepareForRunDependsOn)="
                         ;GenerateStaticWebAssetsManifest;GenerateComputedBuildStaticWebAssets;CopyStaticWebAssetsToOutputDirectory;
                         _GenerateBuildJsModuleManifest;
                       " (previous value: ";GenerateStaticWebAssetsManifest;GenerateComputedBuildStaticWebAssets;CopyStaticWebAssetsToOutputDirectory") at C:\Program Files\dotnet\sdk\8.0.420\Sdks\Microsoft.NET.Sdk.StaticWebAssets\targets\Microsoft.NET.Sdk.StaticWebAssets.JSModules.targets (44,5)
                   Property reassignment: $(StaticWebAssetsPrepareForPublishDependsOn)="
                         ;ResolveStaticWebAssetsConfiguration;GenerateStaticWebAssetsPublishManifest;GenerateComputedPublishStaticWebAssets;
                         _GeneratePublishJsModuleManifest;
                       " (previous value: ";ResolveStaticWebAssetsConfiguration;GenerateStaticWebAssetsPublishManifest;GenerateComputedPublishStaticWebAssets") at C:\Program Files\dotnet\sdk\8.0.420\Sdks\Microsoft.NET.Sdk.StaticWebAssets\targets\Microsoft.NET.Sdk.StaticWebAssets.JSModules.targets (49,5)
                   Property reassignment: $(ResolveStaticWebAssetsInputsDependsOn)="
                         
                         
                       UpdateExistingPackageStaticWebAssets;ResolveProjectStaticWebAssets;ResolveEmbeddedProjectsStaticWebAssets;ResolveReferencedProjectsStaticWebAssets;;
                       UpdateLegacyPackageScopedCssBundles;
                       _AddScopedCssBundles;
                     ;
                         _AddJsModulesToStaticWebAssets;
                       ;
                         _AddBuildJsModuleManifest;
                       " (previous value: "
                         
                       UpdateExistingPackageStaticWebAssets;ResolveProjectStaticWebAssets;ResolveEmbeddedProjectsStaticWebAssets;ResolveReferencedProjectsStaticWebAssets;;
                       UpdateLegacyPackageScopedCssBundles;
                       _AddScopedCssBundles;
                     ;
                         _AddJsModulesToStaticWebAssets;
                       ") at C:\Program Files\dotnet\sdk\8.0.420\Sdks\Microsoft.NET.Sdk.StaticWebAssets\targets\Microsoft.NET.Sdk.StaticWebAssets.JSModules.targets (54,5)
                   Property reassignment: $(ResolvePublishStaticWebAssetsDependsOn)="
                         LoadStaticWebAssetsBuildManifest;ComputeReferencedProjectsEmbeddedPublishAssets;ComputeReferencedProjectsPublishAssets;;
                         _AddPublishJsModuleManifest
                       " (previous value: "LoadStaticWebAssetsBuildManifest;ComputeReferencedProjectsEmbeddedPublishAssets;ComputeReferencedProjectsPublishAssets;") at C:\Program Files\dotnet\sdk\8.0.420\Sdks\Microsoft.NET.Sdk.StaticWebAssets\targets\Microsoft.NET.Sdk.StaticWebAssets.JSModules.targets (59,5)
                   Property reassignment: $(GenerateComputedBuildStaticWebAssetsDependsOn)="
                         
                       ;
                       _ResolveBundlingConfiguration;
                       _GenerateScopedCssFiles;
                       BundleScopedCssFiles;
                     ;
                         _CompressFiles;
                       " (previous value: "
                       ;
                       _ResolveBundlingConfiguration;
                       _GenerateScopedCssFiles;
                       BundleScopedCssFiles;
                     ") at C:\Program Files\dotnet\sdk\8.0.420\Sdks\Microsoft.NET.Sdk.StaticWebAssets\targets\Microsoft.NET.Sdk.StaticWebAssets.Compression.targets (35,5)
                   Property reassignment: $(GenerateComputedPublishStaticWebAssetsDependsOn)="
                         ;
                         _CompressFilesForPublish;
                       " (previous value: "") at C:\Program Files\dotnet\sdk\8.0.420\Sdks\Microsoft.NET.Sdk.StaticWebAssets\targets\Microsoft.NET.Sdk.StaticWebAssets.Compression.targets (39,5)
                   Property reassignment: $(StaticWebAssetsPrepareForPublishDependsOn)="
                         
                         ;ResolveStaticWebAssetsConfiguration;GenerateStaticWebAssetsPublishManifest;GenerateComputedPublishStaticWebAssets;
                         _GeneratePublishJsModuleManifest;
                       ;
                         _CompressFilesForPublish;
                       " (previous value: "
                         ;ResolveStaticWebAssetsConfiguration;GenerateStaticWebAssetsPublishManifest;GenerateComputedPublishStaticWebAssets;
                         _GeneratePublishJsModuleManifest;
                       ") at C:\Program Files\dotnet\sdk\8.0.420\Sdks\Microsoft.NET.Sdk.StaticWebAssets\targets\Microsoft.NET.Sdk.StaticWebAssets.Compression.targets (43,5)
                   Property reassignment: $(ResolveStaticWebAssetsInputsDependsOn)="
                         
                         
                         
                       UpdateExistingPackageStaticWebAssets;ResolveProjectStaticWebAssets;ResolveEmbeddedProjectsStaticWebAssets;ResolveReferencedProjectsStaticWebAssets;;
                       UpdateLegacyPackageScopedCssBundles;
                       _AddScopedCssBundles;
                     ;
                         _AddJsModulesToStaticWebAssets;
                       ;
                         _AddBuildJsModuleManifest;
                       ;
                         _ResolveCompressedFiles;
                       " (previous value: "
                         
                         
                       UpdateExistingPackageStaticWebAssets;ResolveProjectStaticWebAssets;ResolveEmbeddedProjectsStaticWebAssets;ResolveReferencedProjectsStaticWebAssets;;
                       UpdateLegacyPackageScopedCssBundles;
                       _AddScopedCssBundles;
                     ;
                         _AddJsModulesToStaticWebAssets;
                       ;
                         _AddBuildJsModuleManifest;
                       ") at C:\Program Files\dotnet\sdk\8.0.420\Sdks\Microsoft.NET.Sdk.StaticWebAssets\targets\Microsoft.NET.Sdk.StaticWebAssets.Compression.targets (47,5)
                   Property reassignment: $(ResolvePublishStaticWebAssetsDependsOn)="
                         
                         LoadStaticWebAssetsBuildManifest;ComputeReferencedProjectsEmbeddedPublishAssets;ComputeReferencedProjectsPublishAssets;;
                         _AddPublishJsModuleManifest
                       ;
                         _ResolveCompressedFilesForPublish;
                       " (previous value: "
                         LoadStaticWebAssetsBuildManifest;ComputeReferencedProjectsEmbeddedPublishAssets;ComputeReferencedProjectsPublishAssets;;
                         _AddPublishJsModuleManifest
                       ") at C:\Program Files\dotnet\sdk\8.0.420\Sdks\Microsoft.NET.Sdk.StaticWebAssets\targets\Microsoft.NET.Sdk.StaticWebAssets.Compression.targets (51,5)
                   Property reassignment: $(ResolveScopedCssOutputsDependsOn)="
                         
                       ;
                     ;
                         ResolveCssScopes;
                       " (previous value: "
                       ;
                     ") at C:\Program Files\dotnet\sdk\8.0.420\Sdks\Microsoft.NET.Sdk.Razor\targets\Sdk.Razor.CurrentVersion.targets (188,5)
                   Property reassignment: $(DebugSymbolsProjectOutputGroupDependsOn)="
                         ;
                         _RazorAddDebugSymbolsProjectOutputGroupOutput
                       " (previous value: "") at C:\Program Files\dotnet\sdk\8.0.420\Sdks\Microsoft.NET.Sdk.Razor\targets\Sdk.Razor.CurrentVersion.targets (193,5)
                   Property reassignment: $(PrepareForBuildDependsOn)="
                         ;GetFrameworkPaths;GetReferenceAssemblyPaths;AssignLinkMetadata;
                         ResolveRazorGenerateInputs
                       " (previous value: ";GetFrameworkPaths;GetReferenceAssemblyPaths;AssignLinkMetadata") at C:\Program Files\dotnet\sdk\8.0.420\Sdks\Microsoft.NET.Sdk.Razor\targets\Sdk.Razor.CurrentVersion.targets (198,5)
                   Property reassignment: $(GenerateNuspecDependsOn)="
                         ResolveRazorGenerateInputs;
                         
                         IncludeStaticWebAssetsPackItems;
                         Build;_LoadPackInputItems; _GetTargetFrameworksOutput; _WalkEachTargetPerFramework; _GetPackageFiles; ;
                       
                       " (previous value: "
                         IncludeStaticWebAssetsPackItems;
                         Build;_LoadPackInputItems; _GetTargetFrameworksOutput; _WalkEachTargetPerFramework; _GetPackageFiles; ;
                       ") at C:\Program Files\dotnet\sdk\8.0.420\Sdks\Microsoft.NET.Sdk.Razor\targets\Sdk.Razor.CurrentVersion.targets (203,5)
                   Property reassignment: $(PrepareForRunDependsOn)="
                         _RazorPrepareForRun;
                         StaticWebAssetsPrepareForRun;
                         CopyFilesToOutputDirectory
                       
                       " (previous value: "StaticWebAssetsPrepareForRun;
                         CopyFilesToOutputDirectory
                       ") at C:\Program Files\dotnet\sdk\8.0.420\Sdks\Microsoft.NET.Sdk.Razor\targets\Sdk.Razor.CurrentVersion.targets (208,5)
                   Property reassignment: $(UseRazorBuildServer)="true" (previous value: "") at C:\Program Files\dotnet\sdk\8.0.420\Sdks\Microsoft.NET.Sdk.Razor\targets\Sdk.Razor.CurrentVersion.targets (299,5)
                   Property reassignment: $(_RazorDebugSymbolsProduced)="true" (previous value: "false") at C:\Program Files\dotnet\sdk\8.0.420\Sdks\Microsoft.NET.Sdk.Razor\targets\Sdk.Razor.CurrentVersion.targets (305,5)
                   Property reassignment: $(GenerateRazorTargetAssemblyInfoDependsOn)="
                         _ResolveMvcAssemblyAttributes;
                         
                         GetRazorTargetAssemblyAttributes;
                         _CreateRazorTargetAssemblyInfoInputsCacheFile;
                         CoreGenerateRazorTargetAssemblyInfo
                       
                       " (previous value: "
                         GetRazorTargetAssemblyAttributes;
                         _CreateRazorTargetAssemblyInfoInputsCacheFile;
                         CoreGenerateRazorTargetAssemblyInfo
                       ") at C:\Program Files\dotnet\sdk\8.0.420\Sdks\Microsoft.NET.Sdk.Razor\targets\Microsoft.NET.Sdk.Razor.GenerateAssemblyInfo.targets (36,5)
                   Property reassignment: $(CoreCompileDependsOn)="
                         ;_ComputeNonExistentFileProperty;ResolveCodeAnalysisRuleSet;
                         _GenerateRazorAssemblyInfo
                       " (previous value: ";_ComputeNonExistentFileProperty;ResolveCodeAnalysisRuleSet") at C:\Program Files\dotnet\sdk\8.0.420\Sdks\Microsoft.NET.Sdk.Razor\targets\Microsoft.NET.Sdk.Razor.GenerateAssemblyInfo.targets (181,5)
                   Property reassignment: $(_GenerateRazorAssemblyInfoDependsOn)="
                         _ResolveMvcAssemblyAttributes;
                         RazorGetAssemblyAttributes;PrepareForBuild;_CoreGenerateRazorAssemblyInfo;
                       " (previous value: "RazorGetAssemblyAttributes;PrepareForBuild;_CoreGenerateRazorAssemblyInfo") at C:\Program Files\dotnet\sdk\8.0.420\Sdks\Microsoft.NET.Sdk.Razor\targets\Microsoft.NET.Sdk.Razor.GenerateAssemblyInfo.targets (189,5)
                   Property reassignment: $(CoreCompileDependsOn)="
                         _DiscoverMvcApplicationParts;
                         
                         ;_ComputeNonExistentFileProperty;ResolveCodeAnalysisRuleSet;
                         _GenerateRazorAssemblyInfo
                       ;
                       " (previous value: "
                         ;_ComputeNonExistentFileProperty;ResolveCodeAnalysisRuleSet;
                         _GenerateRazorAssemblyInfo
                       ") at C:\Program Files\dotnet\sdk\8.0.420\Sdks\Microsoft.NET.Sdk.Razor\targets\Microsoft.NET.Sdk.Razor.MvcApplicationPartsDiscovery.targets (22,5)
                   Property reassignment: $(RazorDesignTimeTargets)="C:\Program Files\dotnet\sdk\8.0.420\Sdks\Microsoft.NET.Sdk.Razor\targets\Microsoft.NET.Sdk.Razor.DesignTime.targets" (previous value: "C:\Program Files\dotnet\sdk\8.0.420\\Microsoft\VisualStudio\Razor\Microsoft.NET.Sdk.Razor.DesignTime.targets") at C:\Program Files\dotnet\sdk\8.0.420\Sdks\Microsoft.NET.Sdk.Razor\targets\Sdk.Razor.CurrentVersion.targets (779,5)
                   Property reassignment: $(RunWorkingDirectory)="C:\Users\adamc\Documents\Cortex.API\CortexBackend" (previous value: "") at C:\Program Files\dotnet\sdk\8.0.420\Sdks\Microsoft.NET.Sdk.Web.ProjectSystem\targets\Microsoft.NET.Sdk.Web.ProjectSystem.targets (21,5)
                   Property reassignment: $(PublishProfileImported)="true" (previous value: "false") at C:\Program Files\dotnet\sdk\8.0.420\Sdks\Microsoft.NET.Sdk.Publish\targets\Microsoft.NET.Sdk.Publish.targets (60,5)
                   Property reassignment: $(PublishConfiguration)="Release" (previous value: "") at C:\Program Files\dotnet\sdk\8.0.420\Sdks\Microsoft.NET.Sdk.Publish\targets\Microsoft.NET.Sdk.Publish.targets (81,5)
                   Property reassignment: $(BaseIntermediateOutputPath)="C:\Users\adamc\Documents\Cortex.API\CortexBackend\obj\" (previous value: "obj\") at C:\Program Files\dotnet\sdk\8.0.420\Sdks\Microsoft.NET.Sdk.Publish\targets\Microsoft.NET.Sdk.Publish.targets (87,5)
                   Overriding target "ResolveFrameworkReferences" in project "C:\Program Files\dotnet\sdk\8.0.420\Microsoft.Common.CurrentVersion.targets" with target "ResolveFrameworkReferences" from project "C:\Program Files\dotnet\sdk\8.0.420\Sdks\Microsoft.NET.Sdk\targets\Microsoft.NET.Sdk.FrameworkReferenceResolution.targets".
                   Overriding target "Run" in project "C:\Program Files\dotnet\sdk\8.0.420\Microsoft.Common.CurrentVersion.targets" with target "Run" from project "C:\Program Files\dotnet\sdk\8.0.420\Sdks\Microsoft.NET.Sdk\targets\Microsoft.NET.Sdk.targets".
                   Overriding target "GenerateSupportedTargetFrameworkAlias" in project "C:\Program Files\dotnet\sdk\8.0.420\Microsoft.Common.CurrentVersion.targets" with target "GenerateSupportedTargetFrameworkAlias" from project "C:\Program Files\dotnet\sdk\8.0.420\Sdks\Microsoft.NET.Sdk\targets\Microsoft.NET.Sdk.targets".
                   Overriding target "GetReferenceAssemblyPaths" in project "C:\Program Files\dotnet\sdk\8.0.420\Microsoft.Common.CurrentVersion.targets" with target "GetReferenceAssemblyPaths" from project "C:\Program Files\dotnet\sdk\8.0.420\Sdks\Microsoft.NET.Sdk\targets\Microsoft.NET.DisableStandardFrameworkResolution.targets".
                   Overriding target "GetFrameworkPaths" in project "C:\Program Files\dotnet\sdk\8.0.420\Microsoft.Common.CurrentVersion.targets" with target "GetFrameworkPaths" from project "C:\Program Files\dotnet\sdk\8.0.420\Sdks\Microsoft.NET.Sdk\targets\Microsoft.NET.DisableStandardFrameworkResolution.targets".
                   Overriding target "DesignerRuntimeImplementationProjectOutputGroup" in project "C:\Program Files\dotnet\sdk\8.0.420\Microsoft.Common.CurrentVersion.targets" with target "DesignerRuntimeImplementationProjectOutputGroup" from project "C:\Program Files\dotnet\sdk\8.0.420\Sdks\Microsoft.NET.Sdk\targets\Microsoft.NET.DesignerSupport.targets".
                   Overriding target "Publish" in project "C:\Program Files\dotnet\sdk\8.0.420\Microsoft.Common.CurrentVersion.targets" with target "Publish" from project "C:\Program Files\dotnet\sdk\8.0.420\Sdks\Microsoft.NET.Sdk\targets\Microsoft.NET.Publish.targets".
                   Overriding target "ResolveReadyToRunCompilers" in project "C:\Program Files\dotnet\sdk\8.0.420\Sdks\Microsoft.NET.Sdk\targets\Microsoft.NET.CrossGen.targets" with target "ResolveReadyToRunCompilers" from project "C:\Program Files\dotnet\sdk\8.0.420\Sdks\Microsoft.NET.Sdk\targets\Microsoft.NET.Publish.targets".
                   Overriding target "GetCopyToPublishDirectoryItems" in project "C:\Program Files\dotnet\sdk\8.0.420\Microsoft.Common.CurrentVersion.targets" with target "GetCopyToPublishDirectoryItems" from project "C:\Program Files\dotnet\sdk\8.0.420\Sdks\Microsoft.NET.Sdk\targets\Microsoft.NET.Publish.targets".
                   Overriding target "BeforePublish" in project "C:\Program Files\dotnet\sdk\8.0.420\Microsoft.Common.CurrentVersion.targets" with target "BeforePublish" from project "C:\Program Files\dotnet\sdk\8.0.420\Sdks\Microsoft.NET.Sdk.Publish\targets\Microsoft.NET.Sdk.Publish.targets".
                   Overriding target "AfterPublish" in project "C:\Program Files\dotnet\sdk\8.0.420\Microsoft.Common.CurrentVersion.targets" with target "AfterPublish" from project "C:\Program Files\dotnet\sdk\8.0.420\Sdks\Microsoft.NET.Sdk.Publish\targets\Microsoft.NET.Sdk.Publish.targets".
                   The target "CollectUpToDateCheckInputDesignTime" listed in a BeforeTargets attribute at "C:\Program Files\dotnet\sdk\8.0.420\Sdks\Microsoft.NET.Sdk.StaticWebAssets\targets\Microsoft.NET.Sdk.StaticWebAssets.ScopedCss.targets (156,5)" does not exist in the project, and will be ignored.
                   The target "CollectUpToDateCheckBuiltDesignTime" listed in a BeforeTargets attribute at "C:\Program Files\dotnet\sdk\8.0.420\Sdks\Microsoft.NET.Sdk.StaticWebAssets\targets\Microsoft.NET.Sdk.StaticWebAssets.ScopedCss.targets (156,5)" does not exist in the project, and will be ignored.
                   The target "RazorGenerateComponentDeclaration" listed in an AfterTargets attribute at "C:\Program Files\dotnet\sdk\8.0.420\Sdks\Microsoft.NET.Sdk.Razor\targets\Microsoft.NET.Sdk.Razor.DesignTime.targets (55,53)" does not exist in the project, and will be ignored.
04:44:08.753     0>Initial Properties:
                   __DisableWorkloadResolverSentinelPath = C:\Program Files\dotnet\sdk\8.0.420\DisableWorkloadResolver.sentinel
                   __WindowsAppSdkDefaultImageIncludes = **/*.png;**/*.bmp;**/*.jpg;**/*.dds;**/*.tif;**/*.tga;**/*.gif
                   _AfterSdkPublishDependsOn = Publish
                   _AspNetCoreProjectSystemPostPublishDependsOn = 
                         _InitPublishIntermediateOutputPath;
                         
                         _TransformWebConfig;
                         _TransformXml;
                         _TransformAppSettings;
                         _GenerateEFSQLScripts;
                         _GenerateRunCommandFile;
                       ;
                         _PublishFiles;
                       
                   _AspNetCoreProjectSystemPrePublishDependsOn = 
                         BeforePublish;
                         
                         _DetermineProjectType;
                       ;
                       
                   _BeforePublishNoBuildTargets = 
                         BuildOnlySettings;
                         _PreventProjectReferencesFromBuilding;
                         ResolveReferences;
                         PrepareResourceNames;
                         ComputeIntermediateSatelliteAssemblies;
                         ComputeEmbeddedApphostPaths;
                       
                   _BinaryFormatterObsoleteAsError = true
                   _ComHostLibraryExtension = .dll
                   _ComputeTargetsDir = C:\Program Files\dotnet\sdk\8.0.420\Sdks\Microsoft.NET.Sdk.Publish\targets\ComputeTargets\
                   _ContainerIsSelfContained = false
                   _ContainerIsTargetingNet8TFM = true
                   _ContainersTargetsDir = C:\Program Files\dotnet\sdk\8.0.420\Sdks\Microsoft.NET.Sdk\Sdk\..\..\..\Containers\build\
                   _CopyAspNetCoreFilesToIntermediateOutputPathDependsOn = 
                         ;
                         _PrepareForAspNetCoreProjectSystemPublish;
                         Publish;
                       
                   _CopyConsoleFilesToIntermediateOutputPathDependsOn = 
                         ;
                         _PrepareForConsolePublish;
                         Publish;
                       
                   _CopyTargetsDir = C:\Program Files\dotnet\sdk\8.0.420\Sdks\Microsoft.NET.Sdk.Publish\targets\CopyTargets\
                   _CopyWebJobFilesToIntermediateOutputPathDependsOn = 
                         ;
                         _PrepareForWebJobPublish;
                         Publish;
                       
                   _CorePublishTargets = 
                         PrepareForPublish;
                         ComputeAndCopyFilesToPublishDirectory;
                         ;
                         PublishItemsOutputGroup;
                       
                   _DebugSymbolsProduced = true
                   _DefaultArtifactsPathPropsImported = true
                   _DefaultUserProfileRuntimeStorePath = C:\Users\adamc\.dotnet\store
                   _DeploymentApplicationManifestIdentity = Cortex.API.exe
                   _DeploymentBuiltUpdateInterval = 0
                   _DeploymentBuiltUpdateIntervalUnits = Days
                   _DeploymentDeployManifestIdentity = Cortex.API.application
                   _DeploymentFileMappingExtension = 
                   _DeploymentLauncherBased = true
                   _DeploymentPublishableProjectDefault = true
                   _DeploymentTargetApplicationManifestFileName = Cortex.API.dll.manifest
                   _DeploymentUrl = 
                   _DesignerDepsFileName = Cortex.API.designer.deps.json
                   _DesignerDepsFilePath = obj\Release\net8.0\Cortex.API.designer.deps.json
                   _DesignerRuntimeConfigFileName = Cortex.API.designer.runtimeconfig.json
                   _DesignerRuntimeConfigFilePath = obj\Release\net8.0\Cortex.API.designer.runtimeconfig.json
                   _DirectoryBuildPropsBasePath = 
                   _DirectoryBuildPropsFile = Directory.Build.props
                   _DirectoryBuildTargetsBasePath = 
                   _DirectoryBuildTargetsFile = Directory.Build.targets
                   _DirectoryPackagesPropsBasePath = 
                   _DirectoryPackagesPropsFile = Directory.Packages.props
                   _DocumentationFileProduced = false
                   _DotNetAppHostExecutableName = apphost.exe
                   _DotNetAppHostExecutableNameWithoutExtension = apphost
                   _DotNetCLIPostPublishDependsOn = 
                         _InitProjectCapabilityProperties;
                         _AspNetCoreProjectSystemPostPublish;
                         _OtherNetProjectPostPublish;
                         AfterPublish;
                       
                   _DotNetCLIPrePublishDependsOn = 
                         _InitProjectCapabilityProperties;
                         _AspNetCoreProjectSystemPrePublish;
                       
                   _DotNetCLIToolTargetsDir = C:\Program Files\dotnet\sdk\8.0.420\Sdks\Microsoft.NET.Sdk.Publish\targets\DotNetCLIToolTargets\
                   _DotNetComHostLibraryName = comhost.dll
                   _DotNetComHostLibraryNameWithoutExtension = comhost
                   _DotNetHostExecutableName = dotnet.exe
                   _DotNetHostFxrLibraryName = libhostfxr.so
                   _DotNetHostPolicyLibraryName = libhostpolicy.so
                   _DotNetIjwHostLibraryName = Ijwhost.dll
                   _DotNetIjwHostLibraryNameWithoutExtension = Ijwhost
                   _DotNetPublishComputeFiles = 
                         _DetermineProjectType;
                       
                   _DotNetPublishCopyFiles = 
                         _RemoveExcludeFiles;
                         _DeletePublishIntermediateOutputPath;
                         _CopyFilesToPublishIntermediateOutputPath;
                         _CopyAspNetCoreFilesToIntermediateOutputPath;
                         _CopyWebJobFilesToIntermediateOutputPath;
                         _CopyConsoleFilesToIntermediateOutputPath;
                       
                   _DotNetPublishFiles = 
                         FileSystemPublish;
                       
                   _DotNetPublishTransformFiles = 
                         _TransformWebConfig;
                         _TransformXml;
                         _TransformAppSettings;
                         _GenerateEFSQLScripts;
                         _GenerateRunCommandFile;
                       
                   _DotNetSingleFileHostExecutableNameWithoutExtension = singlefilehost
                   _EnableDefaultWindowsPlatform = false
                   _FrameworkIdentifierForImplicitDefine = NET
                   _FrameworkVersionForImplicitDefine = 8_0
                   _GenerateBindingRedirectsIntermediateAppConfig = obj\Release\net8.0\Cortex.API.dll.config
                   _GeneratePublishDependencyFilePropertyInputsCache = C:\Users\adamc\Documents\Cortex.API\CortexBackend\obj\Release\net8.0\Cortex.API.genpublishdeps.cache
                   _GenerateRazorAssemblyInfoDependsOn = 
                         _ResolveMvcAssemblyAttributes;
                         RazorGetAssemblyAttributes;PrepareForBuild;_CoreGenerateRazorAssemblyInfo;
                       
                   _GenerateRestoreGraphProjectEntryInputProperties = 
                         ExcludeRestorePackageImports=true;
                         _RestoreSolutionFileUsed=true;
                         SolutionDir=C:\Users\adamc\Documents\Cortex.API\;
                         SolutionName=Cortex.API;
                         SolutionFileName=Cortex.API.sln;
                         SolutionPath=C:\Users\adamc\Documents\Cortex.API\Cortex.API.sln;
                         SolutionExt=.sln;
                       
                   _GenerateRuntimeConfigurationPropertyInputsCache = C:\Users\adamc\Documents\Cortex.API\CortexBackend\obj\Release\net8.0\Cortex.API.genruntimeconfig.cache
                   _GenerateSingleFileBundlePropertyInputsCache = C:\Users\adamc\Documents\Cortex.API\CortexBackend\obj\Release\net8.0\Cortex.API.genbundle.cache
                   _GenerateSourceLinkFileBeforeTargets = CoreCompile
                   _GenerateSourceLinkFileDependsOnTargets = 
                   _GenerateSupportedRuntimeIntermediateAppConfig = obj\Release\net8.0\Cortex.API.dll.withSupportedRuntime.config
                   _GenerateToolsSettingsFileCacheFile = C:\Users\adamc\Documents\Cortex.API\CortexBackend\obj\Release\net8.0\Cortex.API.toolssettingsinput.cache
                   _GetChildProjectCopyToOutputDirectoryItems = true
                   _GetChildProjectCopyToPublishDirectoryItems = true
                   _IjwHostLibraryExtension = .dll
                   _InitialBaseIntermediateOutputPath = obj\
                   _IsExecutable = true
                   _IsNETCoreOrNETStandard = true
                   _IsNotSetContainersTargetsDir = true
                   _IsSDKContainerAllowedVersion = true
                   _LatestAnalysisLevel = 8.0
                   _MaxSupportedLangVersion = 12.0
                   _MicrosoftSourceLinkCommonAssemblyFile = C:\Program Files\dotnet\sdk\8.0.420\Sdks\Microsoft.SourceLink.Common\build\..\tools\core\Microsoft.SourceLink.Common.dll
                   _MinimumNonEolSupportedNetCoreTargetFramework = net8.0
                   _MvcApplicationPartAttributeGeneratedFile = obj\Release\net8.0\Cortex.API.MvcApplicationPartsAssemblyInfo.cs
                   _MvcApplicationPartCacheFile = obj\Release\net8.0\Cortex.API.MvcApplicationPartsAssemblyInfo.cache
                   _NativeExecutableExtension = .exe
                   _NativeLibraryExtension = .so
                   _NativeLibraryPrefix = lib
                   _NETAnalyzersSDKAssemblyVersion = 8.0.0
                   _NETCoreSdkIsPreview = false
                   _NetFrameworkHostedCompilersVersion = 4.11.0-3.25569.22
                   _NoneAnalysisLevel = 4.0
                   _NugetFallbackFolder = C:\Program Files\dotnet\sdk\8.0.420\Sdks\Microsoft.NET.Sdk\targets\..\..\..\..\NuGetFallbackFolder
                   _NugetTargetMonikerAndRID = .NETCoreApp,Version=v8.0
                   _OriginalConfiguration = Release
                   _OriginalPlatform = AnyCPU
                   _OtherNetProjectPostPublishDependsOn = 
                         _InitPublishIntermediateOutputPath;
                         _PublishFiles;
                       
                   _PackToolPublishDependency = _PublishBuildAlternative
                   _PlatformWithoutConfigurationInference = AnyCPU
                   _PreviewAnalysisLevel = 9.0
                   _ProjectDefaultTargets = Build
                   _PublishConfigurationPath = Release\
                   _PublishFilesDependsOn = 
                         
                         FileSystemPublish;
                       ;
                       
                   _PublishNoBuildAlternativeDependsOn = 
                         BuildOnlySettings;
                         _PreventProjectReferencesFromBuilding;
                         ResolveReferences;
                         PrepareResourceNames;
                         ComputeIntermediateSatelliteAssemblies;
                         ComputeEmbeddedApphostPaths;
                       ;
                         PrepareForPublish;
                         ComputeAndCopyFilesToPublishDirectory;
                         ;
                         PublishItemsOutputGroup;
                       
                   _PublishProfileDesignerFolder = Properties
                   _PublishProfileRootFolder = C:\Users\adamc\Documents\Cortex.API\CortexBackend\Properties\PublishProfiles\
                   _PublishProfilesDir = C:\Program Files\dotnet\sdk\8.0.420\Sdks\Microsoft.NET.Sdk.Publish\targets\PublishProfiles\
                   _PublishTargetsDir = C:\Program Files\dotnet\sdk\8.0.420\Sdks\Microsoft.NET.Sdk.Publish\targets\PublishTargets\
                   _PublishTaskAssemblyFullPath = C:\Program Files\dotnet\sdk\8.0.420\Sdks\Microsoft.NET.Sdk.Publish\targets\..\tools\net8.0\Microsoft.NET.Sdk.Publish.Tasks.dll
                   _PublishTaskFramework = net8.0
                   _PublishTasksDir = C:\Program Files\dotnet\sdk\8.0.420\Sdks\Microsoft.NET.Sdk.Publish\targets\..\tools\net8.0\
                   _RazorAssemblyInfo = obj\Release\net8.0\Cortex.API.RazorAssemblyInfo.cs
                   _RazorAssemblyInfoInputsCacheFile = obj\Release\net8.0\Cortex.API.RazorAssemblyInfo.cache
                   _RazorComponentDeclarationOutputPath = obj\Release\net8.0\RazorDeclaration\
                   _RazorDebugSymbolsProduced = true
                   _RazorGenerateComponentDesignTimeDependsOn = 
                         ResolveRazorComponentInputs;
                         AssignRazorComponentTargetPaths
                       
                   _RazorGenerateInputsHash = 
                   _RazorGenerateInputsHashFile = obj\Release\net8.0\Cortex.API.RazorCoreGenerate.cache
                   _RazorLangVersion = 7.0
                   _RazorSdkImportsMicrosoftNetSdkStaticWebAssets = true
                   _RazorSdkTasksTFM = net8.0
                   _RazorSdkToolAssembly = C:\Program Files\dotnet\sdk\8.0.420\Sdks\Microsoft.NET.Sdk.Razor\targets\..\tools\rzc.dll
                   _RazorTagHelperInputCache = obj\Release\net8.0\Cortex.API.TagHelpers.input.cache
                   _RazorTagHelperOutputCache = obj\Release\net8.0\Cortex.API.TagHelpers.output.cache
                   _RazorTargetAssemblyInfoInputsCacheFile = obj\Release\net8.0\Cortex.API.RazorTargetAssemblyInfo.cache
                   _RecursiveTargetForContentCopying = GetCopyToOutputDirectoryItems
                   _ResolveReferenceDependencies = false
                   _RestoreSolutionFileUsed = true
                   _RuntimeIdentifierUsesAppHost = true
                   _RuntimePackInWorkloadVersion6 = 6.0.36
                   _RuntimePackInWorkloadVersion7 = 7.0.20
                   _RuntimePackInWorkloadVersionCurrent = 8.0.26
                   _ScopedCssExtension = .rz.scp.css
                   _SGenDllCreated = false
                   _SGenDllName = Cortex.API.XmlSerializers.dll
                   _SGenGenerateSerializationAssembliesConfig = Auto
                   _ShimCreatedSentinelFile = C:\Users\adamc\Documents\Cortex.API\CortexBackend\obj\Release\net8.0\Cortex.API.shimcreated.sentinel
                   _ShimInputCacheFile = C:\Users\adamc\Documents\Cortex.API\CortexBackend\obj\Release\net8.0\Cortex.API.shiminput.cache
                   _SourceLinkAzureReposGitAssemblyFile = C:\Program Files\dotnet\sdk\8.0.420\Sdks\Microsoft.SourceLink.AzureRepos.Git\build\..\tools\core\Microsoft.SourceLink.AzureRepos.Git.dll
                   _SourceLinkBitbucketAssemblyFile = C:\Program Files\dotnet\sdk\8.0.420\Sdks\Microsoft.SourceLink.Bitbucket.Git\build\..\tools\core\Microsoft.SourceLink.Bitbucket.Git.dll
                   _SourceLinkGitHubAssemblyFile = C:\Program Files\dotnet\sdk\8.0.420\Sdks\Microsoft.SourceLink.GitHub\build\..\tools\core\Microsoft.SourceLink.GitHub.dll
                   _SourceLinkGitLabAssemblyFile = C:\Program Files\dotnet\sdk\8.0.420\Sdks\Microsoft.SourceLink.GitLab\build\..\tools\core\Microsoft.SourceLink.GitLab.dll
                   _SourceLinkPropsImported = true
                   _SourceLinkSdkSubDir = build
                   _StaticWebAssetsSdkTasksTFM = net8.0
                   _StaticWebAssetsSdkToolAssembly = C:\Program Files\dotnet\sdk\8.0.420\Sdks\Microsoft.NET.Sdk.StaticWebAssets\targets\..\tools\net8.0\Microsoft.NET.Sdk.StaticWebAssets.Tool.dll
                   _SupportedArchitectures = amd64 arm64
                   _SupportedPlatformList = @(SupportedPlatform, ',')
                   _TargetFrameworkDirectories = 
                   _TargetFrameworkPath = net8.0\
                   _TargetFrameworkVersionValue = 0.0
                   _TargetFrameworkVersionWithoutV = 8.0
                   _Targeting30OrNewerRazorLangVersion = true
                   _TargetingNET50OrLater = true
                   _TargetingNET60OrLater = true
                   _TargetingNET70OrLater = true
                   _TargetingNET80OrLater = true
                   _TargetingNETCoreApp30OrLater = true
                   _TargetLatestRuntimePatchIsDefault = true
                   _TargetsThatPrepareProjectReferences = 
                         AssignProjectConfiguration;
                         _SplitProjectReferencesByFileExistence
                       
                   _ToolsSettingsFilePath = obj\DotnetToolSettings.xml
                   _TransformTargetsDir = C:\Program Files\dotnet\sdk\8.0.420\Sdks\Microsoft.NET.Sdk.Publish\targets\TransformTargets\
                   _UseAttributeForTargetFrameworkInfoPropertyNames = true
                   _UsingDefaultForHasRuntimeOutput = true
                   _UsingDefaultPlatformTarget = true
                   _WebProjectSystemGlobsPropsDefined = true
                   _WindowsDesktopSdkTargetFrameworkVersionFloor = 3.0
                   _WorkloadLibraryPacksFolder = C:\Program Files\dotnet\library-packs
                   ActiveDebugProfile = https
                   ActualLangName = en-us
                   AddAdditionalExplicitAssemblyReferences = false
                   AddAppConfigToBuildOutputs = true
                   AddRazorSupportForMvc = true
                   AllowedOutputExtensionsInPackageBuildOutputFolder = .dll; .exe; .winmd; .json; .pri; .xml ;
                   AllowedOutputExtensionsInSymbolsPackageBuildOutputFolder = .pdb; .mdb; .dll; .exe; .winmd; .json; .pri; .xml ;; 
                   AllowedReferenceAssemblyFileExtensions = 
                         .winmd;
                         .dll;
                         .exe
                       
                   AllowedReferenceRelatedFileExtensions = 
                         .pdb;
                         .xml;
                         .pri;
                         .dll.config;
                         .exe.config
                       
                   AllowUnsafeBlocks = false
                   AlwaysIncludeCoreFrameworkInRuntimeConfig = true
                   AlwaysUseNumericalSuffixInItemNames = true
                   AnalysisLevel = latest
                   ApiCompatValidatePackageSemaphoreFile = obj\Release\net8.0\Microsoft.NET.ApiCompat.ValidatePackage.semaphore
                   AppDesignerFolder = Properties
                   AppendPlatformToOutputPath = false
                   AppendRuntimeIdentifierToOutputPath = true
                   AppendTargetFrameworkToOutputPath = true
                   AspNetCoreHostingModel = inprocess
                   AspNetCoreModuleName = AspNetCoreModuleV2
                   AssemblyFoldersConfigFile = C:\Program Files\dotnet\sdk\8.0.420\AssemblyFolders.config
                   AssemblyFoldersSuffix = AssemblyFoldersEx
                   AssemblyName = Cortex.API
                   AssemblySearchPaths = {CandidateAssemblyFiles};{HintPathFromItem};{TargetFrameworkDirectory};{RawFileName}
                   AssemblyTitle = Cortex.API
                   AssetTargetFallback = ;net461;net462;net47;net471;net472;net48;net481
                   AssignTargetPathsDependsOn = 
                   Authors = Cortex.API
                   AutomaticallyUseReferenceAssemblyPackages = true
                   AutoUnifyAssemblyReferences = true
                   AvailablePlatforms = Any CPU,x86,x64,ARM32,ARM64
                   BackwardsCompatFrameworkDefine = NETCOREAPP
                   BaseIntermediateOutputPath = C:\Users\adamc\Documents\Cortex.API\CortexBackend\obj\
                   BaseOutputPath = bin\
                   BaseOutputPathWasSpecified = true
                   BuildCompileAction = Build
                   BuildCompressionFormats = ;gzip
                   BuildDependsOn = 
                         BeforeBuild;
                         CoreBuild;
                         AfterBuild
                       
                   BuildGenerateSourcesAction = Build
                   BuildingProject = false
                   BuildInParallel = true
                   BuildLinkAction = Build
                   BuildOutputTargetFolder = lib
                   BuildProjectReferences = true
                   BuiltProjectOutputGroupDependenciesDependsOn = 
                         ;
                         
                         ;
                         BuildOnlySettings;
                         PrepareForBuild;
                         AssignTargetPaths;
                         ResolveReferences
                       
                       
                   BuiltProjectOutputGroupDependsOn = PrepareForBuild
                   BundledNETCoreAppPackageVersion = 8.0.26
                   BundledNETCoreAppTargetFrameworkVersion = 8.0
                   BundledNETCorePlatformsPackageVersion = 8.0.26-servicing.26169.21
                   BundledNETStandardPackageVersion = 2.1.0
                   BundledNETStandardTargetFrameworkVersion = 2.1
                   BundledRuntimeIdentifierGraphFile = C:\Program Files\dotnet\sdk\8.0.420\RuntimeIdentifierGraph.json
                   CheckEolTargetFramework = true
                   CheckEolWorkloads = true
                   CheckForOverflowUnderflow = false
                   CleanDependsOn = 
                         BeforeClean;
                         UnmanagedUnregistration;
                         CoreClean;
                         CleanReferencedProjects;
                         CleanPublishFolder;
                         AfterClean
                       
                   CleanFile = Cortex.API.csproj.FileListAbsolute.txt
                   ClickOncePublishDir = bin\Release\net8.0\publish\
                   CodeAnalysisRuleIds = CA1000;CA1001;CA1002;CA1003;CA1005;CA1008;CA1010;CA1012;CA1014;CA1016;CA1017;CA1018;CA1019;CA1021;CA1024;CA1027;CA1028;CA1030;CA1031;CA1032;CA1033;CA1034;CA1036;CA1040;CA1041;CA1043;CA1044;CA1045;CA1046;CA1047;CA1050;CA1051;CA1052;CA1054;CA1055;CA1056;CA1058;CA1060;CA1061;CA1062;CA1063;CA1064;CA1065;CA1066;CA1067;CA1068;CA1069;CA1070;CA1200;CA1303;CA1304;CA1305;CA1307;CA1308;CA1309;CA1310;CA1311;CA1401;CA1416;CA1417;CA1418;CA1419;CA1420;CA1421;CA1422;CA1501;CA1502;CA1505;CA1506;CA1507;CA1508;CA1509;CA1510;CA1511;CA1512;CA1513;CA1700;CA1707;CA1708;CA1710;CA1711;CA1712;CA1713;CA1715;CA1716;CA1720;CA1721;CA1724;CA1725;CA1727;CA1802;CA1805;CA1806;CA1810;CA1812;CA1813;CA1814;CA1815;CA1816;CA1819;CA1820;CA1821;CA1822;CA1823;CA1824;CA1825;CA1826;CA1827;CA1828;CA1829;CA1830;CA1831;CA1832;CA1833;CA1834;CA1835;CA1836;CA1837;CA1838;CA1839;CA1840;CA1841;CA1842;CA1843;CA1844;CA1845;CA1846;CA1847;CA1848;CA1849;CA1850;CA1851;CA1852;CA1853;CA1854;CA1855;CA1856;CA1857;CA1858;CA1859;CA1860;CA1861;CA1862;CA1863;CA1864;CA1865;CA1866;CA1867;CA1868;CA1869;CA1870;CA2000;CA2002;CA2007;CA2008;CA2009;CA2011;CA2012;CA2013;CA2014;CA2015;CA2016;CA2017;CA2018;CA2019;CA2020;CA2021;CA2100;CA2101;CA2119;CA2153;CA2200;CA2201;CA2207;CA2208;CA2211;CA2213;CA2214;CA2215;CA2216;CA2217;CA2218;CA2219;CA2224;CA2225;CA2226;CA2227;CA2231;CA2234;CA2235;CA2237;CA2241;CA2242;CA2243;CA2244;CA2245;CA2246;CA2247;CA2248;CA2249;CA2250;CA2251;CA2252;CA2253;CA2254;CA2255;CA2256;CA2257;CA2258;CA2259;CA2260;CA2261;CA2300;CA2301;CA2302;CA2305;CA2310;CA2311;CA2312;CA2315;CA2321;CA2322;CA2326;CA2327;CA2328;CA2329;CA2330;CA2350;CA2351;CA2352;CA2353;CA2354;CA2355;CA2356;CA2361;CA2362;CA3001;CA3002;CA3003;CA3004;CA3005;CA3006;CA3007;CA3008;CA3009;CA3010;CA3011;CA3012;CA3061;CA3075;CA3076;CA3077;CA3147;CA5350;CA5351;CA5358;CA5359;CA5360;CA5361;CA5362;CA5363;CA5364;CA5365;CA5366;CA5367;CA5368;CA5369;CA5370;CA5371;CA5372;CA5373;CA5374;CA5375;CA5376;CA5377;CA5378;CA5379;CA5380;CA5381;CA5382;CA5383;CA5384;CA5385;CA5386;CA5387;CA5388;CA5389;CA5390;CA5391;CA5392;CA5393;CA5394;CA5395;CA5396;CA5397;CA5398;CA5399;CA5400;CA5401;CA5402;CA5403;CA5404;CA5405
                   CodeAnalysisTargets = C:\Program Files\dotnet\sdk\8.0.420\Microsoft\VisualStudio\v17.0\CodeAnalysis\Microsoft.CodeAnalysis.targets
                   CommandLineArgsForDesignTimeEvaluation = -langversion:12.0 -define:TRACE
                   CommonOutputGroupsDependsOn = 
                         ;
                         BuildOnlySettings;
                         PrepareForBuild;
                         AssignTargetPaths;
                         ResolveReferences
                       
                   CommonTargetsPath = C:\Program Files\dotnet\sdk\8.0.420\Microsoft.Common.CurrentVersion.targets
                   CommonXamlResourcesDirectory = C:\Program Files\dotnet\sdk\8.0.420\\
                   Company = Cortex.API
                   CompileDependsOn = 
                         
                         ResolveReferences;
                         ResolveKeySource;
                         SetWin32ManifestProperties;
                         _SetPreferNativeArm64Win32ManifestProperties;
                         FindReferenceAssembliesForReferences;
                         _GenerateCompileInputs;
                         BeforeCompile;
                         _TimeStampBeforeCompile;
                         _GenerateCompileDependencyCache;
                         CoreCompile;
                         _TimeStampAfterCompile;
                         AfterCompile;
                       ;
                         _CreateAppHost;
                         _CreateComHost;
                         _GetIjwHostPaths;
                       
                   CompileLicxFilesDependsOn = 
                   CompilerApiVersion = roslyn4.11
                   CompilerGeneratedFilesOutputPath = 
                   CompressFilesDependsOn = 
                   CompressFilesForPublishDependsOn = 
                   CompressionEnabled = true
                   CompressionExcludePatterns = 
                   CompressionIncludePatterns = 
                   ComputeIntermediateSatelliteAssembliesDependsOn = 
                         CreateManifestResourceNames
                       
                   ComputeNETCoreBuildOutputFiles = true
                   ComputeReferencedStaticWebAssetsPublishManifestDependsOn = 
                         ;
                         StaticWebAssetsPrepareForPublish;
                       
                   ComReferenceExecuteAsTool = false
                   ComReferenceNoClassMembers = false
                   Configuration = Release
                   ConfigurationName = Release
                   Configurations = Debug;Release
                   ConsiderPlatformAsProcessorArchitecture = true
                   ContainerCustomTasksAssembly = C:\Program Files\dotnet\sdk\8.0.420\Containers\build\..\tasks\net8.0\Microsoft.NET.Build.Containers.dll
                   ContainerCustomTasksFolder = C:\Program Files\dotnet\sdk\8.0.420\Containers\build\..\tasks\net8.0\
                   ContainerizeFolder = C:\Program Files\dotnet\sdk\8.0.420\Containers\build\..\containerize\
                   ContainerizeFolderName = containerize
                   ContainerTaskFolderName = tasks
                   ContainerTaskFramework = net8.0
                   ContentFilesProjectOutputGroupDependsOn = PrepareForBuild;AssignTargetPaths
                   ContentPreprocessorOutputDirectory = obj\Release\net8.0\NuGet\
                   ContentTargetFolders = content;contentFiles
                   ContinueOnError = false
                   CopyBuildOutputToPublishDirectory = true
                   CopyConflictingTransitiveContent = false
                   CopyLocalLockFileAssemblies = true
                   CopyOutputSymbolsToPublishDirectory = true
                   CopyRazorGenerateFilesToPublishDirectory = false
                   CopyRefAssembliesToPublishDirectory = 
                   CopyStaticWebAssetsToOutputDirectoryDependsOn = LoadStaticWebAssetsBuildManifest;
                   CopyStaticWebAssetsToPublishDirectoryDependsOn = StaticWebAssetsPrepareForPublish;LoadStaticWebAssetsPublishManifest;
                   CoreBuildDependsOn = 
                         _CheckForBuildWithNoBuild;
                         
                         BuildOnlySettings;
                         PrepareForBuild;
                         PreBuildEvent;
                         ResolveReferences;
                         PrepareResources;
                         ResolveKeySource;
                         Compile;
                         ExportWindowsMDFile;
                         UnmanagedUnregistration;
                         GenerateSerializationAssemblies;
                         CreateSatelliteAssemblies;
                         GenerateManifests;
                         GetTargetPath;
                         PrepareForRun;
                         UnmanagedRegistration;
                         IncrementalClean;
                         PostBuildEvent
                       ;
                         GenerateBuildDependencyFile;
                         GenerateBuildRuntimeConfigurationFiles
                       
                   CoreCleanDependsOn = 
                         _SdkBeforeClean;
                         
                       
                   CoreCompileDependsOn = 
                         _DiscoverMvcApplicationParts;
                         
                         ;_ComputeNonExistentFileProperty;ResolveCodeAnalysisRuleSet;
                         _GenerateRazorAssemblyInfo
                       ;
                       
                   CorePublishDependsOn = 
                         
                         _DetermineProjectType;
                       ;
                         
                         _RemoveExcludeFiles;
                         _DeletePublishIntermediateOutputPath;
                         _CopyFilesToPublishIntermediateOutputPath;
                         _CopyAspNetCoreFilesToIntermediateOutputPath;
                         _CopyWebJobFilesToIntermediateOutputPath;
                         _CopyConsoleFilesToIntermediateOutputPath;
                       ;
                         
                         _TransformWebConfig;
                         _TransformXml;
                         _TransformAppSettings;
                         _GenerateEFSQLScripts;
                         _GenerateRunCommandFile;
                       ;
                         
                         FileSystemPublish;
                       ;
                       
                   CoreResGenDependsOn = FindReferenceAssembliesForReferences
                   CreateCustomManifestResourceNamesDependsOn = 
                   CreateHardLinksForCopyAdditionalFilesIfPossible = false
                   CreateManifestResourceNamesDependsOn = 
                   CreateSatelliteAssembliesDependsOn = 
                         
                         ;
                         _GenerateSatelliteAssemblyInputs;
                         ComputeIntermediateSatelliteAssemblies;
                         GenerateSatelliteAssemblies
                       ;
                         CoreGenerateSatelliteAssemblies
                       
                   CreateSymbolicLinksForCopyAdditionalFilesIfPossible = false
                   CSharpCoreTargetsPath = C:\Program Files\dotnet\sdk\8.0.420\Roslyn\Microsoft.CSharp.Core.targets
                   CSharpDesignTimeTargetsPath = C:\Program Files\dotnet\sdk\8.0.420\\Microsoft\VisualStudio\Managed\Microsoft.CSharp.DesignTime.targets
                   CSharpTargetsPath = C:\Program Files\dotnet\sdk\8.0.420\Microsoft.CSharp.CurrentVersion.targets
                   CustomAfterDirectoryBuildProps = ;C:\Program Files\dotnet\sdk\8.0.420\Sdks\Microsoft.NET.Sdk\Sdk\UseArtifactsOutputPath.props
                   CustomAfterMicrosoftCommonProps = C:\Program Files\dotnet\sdk\8.0.420\\vCurrent\Custom.After.Microsoft.Common.props
                   CustomAfterMicrosoftCommonTargets = C:\Program Files\dotnet\sdk\8.0.420\\vCurrent\Custom.After.Microsoft.Common.targets
                   CustomAfterMicrosoftCSharpTargets = C:\Program Files\dotnet\sdk\8.0.420\\vCurrent\Custom.After.Microsoft.CSharp.targets
                   CustomBeforeMicrosoftCommonProps = C:\Program Files\dotnet\sdk\8.0.420\\vCurrent\Custom.Before.Microsoft.Common.props
                   CustomBeforeMicrosoftCommonTargets = C:\Program Files\dotnet\sdk\8.0.420\\vCurrent\Custom.Before.Microsoft.Common.targets
                   CustomBeforeMicrosoftCSharpTargets = C:\Program Files\dotnet\sdk\8.0.420\\vCurrent\Custom.Before.Microsoft.CSharp.targets
                   CustomCollectWatchItems = ;_RazorSdkCustomCollectWatchItems
                   DebugSymbols = true
                   DebugSymbolsProjectOutputGroupDependenciesDependsOn = 
                         ;
                         
                         ;
                         BuildOnlySettings;
                         PrepareForBuild;
                         AssignTargetPaths;
                         ResolveReferences
                       
                       
                   DebugSymbolsProjectOutputGroupDependsOn = 
                         ;
                         _RazorAddDebugSymbolsProjectOutputGroupOutput
                       
                   DebugType = portable
                   DefaultAllowedOutputExtensionsInPackageBuildOutputFolder = .dll; .exe; .winmd; .json; .pri; .xml
                   DefaultAppHostRuntimeIdentifier = win-x64
                   DefaultCopyToPublishDirectoryMetadata = true
                   DefaultExcludesInProjectFolder = ;;**/.*/**
                   DefaultImplicitPackages = Microsoft.NETCore.App;NETStandard.Library
                   DefaultItemExcludes = ;**\node_modules\**;node_modules\**;**\jspm_packages\**;jspm_packages\**;**\bower_components\**;bower_components\**;bin\Release\/**;obj\Release\/**;bin\/**;obj\/**;**/*.user;**/*.*proj;**/*.sln;**/*.vssscc;**/.DS_Store
                   DefaultLanguageSourceExtension = .cs
                   DefaultProjectTypeGuid = {FAE04EC0-301F-11D3-BF4B-00C04F79EFBC}
                   DefaultWebContentItemExcludes = ;wwwroot\**
                   DefineCommonCapabilities = true
                   DefineCommonItemSchemas = true
                   DefineCommonReferenceSchemas = true
                   DefineConstants = TRACE;RELEASE;NET;NET8_0;NETCOREAPP
                   DelaySign = 
                   DeleteExistingFiles = False
                   DeploymentComputeClickOnceManifestInfoDependsOn = 
                         CleanPublishFolder;
                         GetCopyToOutputDirectoryItems;
                         _DeploymentGenerateTrustInfo
                         
                       
                   DesignerRuntimeImplementationProjectOutputGroupDependsOn = 
                         
                         ;
                         
                         ;
                         BuildOnlySettings;
                         PrepareForBuild;
                         AssignTargetPaths;
                         ResolveReferences
                       
                       ;
                         _GenerateDesignerDepsFile;
                         _GenerateDesignerRuntimeConfigFile;
                         GetCopyToOutputDirectoryItems;
                         _GatherDesignerShadowCopyFiles;
                       
                   DesignTimeAssemblySearchPaths = {CandidateAssemblyFiles};{HintPathFromItem};{TargetFrameworkDirectory};{RawFileName}
                   DesignTimeAutoUnify = true
                   DesignTimeResolveAssemblyReferencesDependsOn = 
                         GetFrameworkPaths;
                         GetReferenceAssemblyPaths;
                         ResolveReferences
                       
                   Deterministic = true
                   DevEnvDir = *Undefined*
                   DisableBuildCompression = false
                   DisableHandlePackageFileConflicts = true
                   DisableLogTaskParameter_ConvertToAbsolutePath_Path = true
                   DisableLogTaskParameter_FindUnderPath_OutOfPath = true
                   DisableLogTaskParameter_RemoveDuplicates_Inputs = true
                   DisableLogTaskParameterItemMetadata_ConvertToAbsolutePath_AbsolutePaths = true
                   DisableLogTaskParameterItemMetadata_Copy_CopiedFiles = true
                   DisableLogTaskParameterItemMetadata_Copy_DestinationFiles = true
                   DisableLogTaskParameterItemMetadata_Copy_SourceFiles = true
                   DisableLogTaskParameterItemMetadata_FindUnderPath_Files = true
                   DisableLogTaskParameterItemMetadata_FindUnderPath_InPath = true
                   DisableLogTaskParameterItemMetadata_GenerateResource_FilesWritten = true
                   DisableLogTaskParameterItemMetadata_Hash_ItemsToHash = true
                   DisableLogTaskParameterItemMetadata_RemoveDuplicates_Filtered = true
                   DisableLogTaskParameterItemMetadata_WriteLinesToFile_Lines = true
                   DisableStandardFrameworkResolution = true
                   DocumentationFile = 
                   DocumentationProjectOutputGroupDependenciesDependsOn = 
                         ;
                         
                         ;
                         BuildOnlySettings;
                         PrepareForBuild;
                         AssignTargetPaths;
                         ResolveReferences
                       
                       
                   DocumentationProjectOutputGroupDependsOn = 
                   DOTNET_CLI_HOME = C:\Users\adamc\Documents\Cortex.API\.dotnet
                   DOTNET_CLI_TELEMETRY_SESSIONID = e7f841ee-7c47-4b79-bce5-2c14fbf48def
                   DOTNET_HOST_PATH = C:\Program Files\dotnet\dotnet.exe
                   DOTNET_SKIP_FIRST_TIME_EXPERIENCE = 1
                   DotNetApiCompatTaskAssembly = C:\Program Files\dotnet\sdk\8.0.420\Sdks\Microsoft.NET.Sdk\targets\..\tools\net8.0\Microsoft.DotNet.ApiCompat.Task.dll
                   DotnetCliToolTargetFramework = netcoreapp2.2
                   DotNetPublishDependsOn = 
                         BeforePublish;
                         CorePublish;
                         AfterPublish;
                       
                   EffectiveAnalysisLevel = 8.0
                   EffectiveCodeAnalysisTreatWarningsAsErrors = 
                   EFSQLScriptsFolderName = EFSQLScripts
                   EmbeddedResourceUseDependentUponConvention = true
                   EmbeddedWin32Manifest = 
                   EmbedRazorGenerateSources = false
                   EmbedUntrackedSources = true
                   EmitAssetsLogMessages = true
                   EmitCompilerGeneratedFiles = false
                   EmitLegacyAssetsFileItems = false
                   EnableDefaultCompileItems = true
                   EnableDefaultContentItems = true
                   EnableDefaultEmbeddedResourceItems = true
                   EnableDefaultItems = true
                   EnableDefaultNoneItems = true
                   EnableDefaultRazorComponentItems = true
                   EnableDefaultRazorGenerateItems = true
                   EnableDefaultRazorTargetAssemblyInfoAttributes = true
                   EnableDefaultScopedCssItems = true
                   EnableFrameworkPathOverride = false
                   EnableNETAnalyzers = true
                   EnableOpenApiAnalyzer = false
                   EnableRazorSdkContent = true
                   EnableSdkContainerSupport = true
                   EnableSourceControlManagerQueries = true
                   EnableSourceLink = true
                   EnableUnsafeBinaryFormatterSerialization = false
                   EnableWebSdkImplicitPackageVersions = false
                   EnforceCodeStyleInBuild = false
                   ErrorReport = prompt
                   ExcludeRestorePackageImports = true
                   ExpandSDKAllowedReferenceExtensions = 
                         .winmd;
                         .dll
                       
                   ExpandSDKReferencesDependsOn = 
                         ResolveSDKReferences
                       
                   FileAlignment = 512
                   FileSystemPublishDependsOn = 
                         ;
                         _DeleteDestinationFilesIfSpecified;
                         _CopyEntityFrameworkScripts;
                         _GatherFilesFromPublishIntermediateOutputPath;
                       
                   FindInvalidProjectReferencesDependsOn = 
                         GetReferenceTargetPlatformMonikers
                       
                   Framework20Dir = @(_TargetFramework20DirectoryItem)
                   Framework30Dir = @(_TargetFramework30DirectoryItem)
                   Framework35Dir = @(_TargetFramework35DirectoryItem)
                   Framework40Dir = @(_TargetFramework40DirectoryItem)
                   FrameworkDir = @(_TargetFramework40DirectoryItem)
                   FrameworkPathOverride = 
                   FrameworkRegistryBase = Software\Microsoft\.NETCoreApp
                   FrameworkSDKDir = @(_TargetFrameworkSDKDirectoryItem)
                   FullReferenceAssemblyNames = Full
                   GenerateAssemblyCompanyAttribute = true
                   GenerateAssemblyConfigurationAttribute = true
                   GenerateAssemblyCopyrightAttribute = true
                   GenerateAssemblyDescriptionAttribute = true
                   GenerateAssemblyFileVersionAttribute = true
                   GenerateAssemblyInfo = true
                   GenerateAssemblyInformationalVersionAttribute = true
                   GenerateAssemblyMetadataAttributes = true
                   GenerateAssemblyProductAttribute = true
                   GenerateAssemblyTitleAttribute = true
                   GenerateAssemblyTrademarkAttribute = true
                   GenerateAssemblyVersionAttribute = true
                   GenerateBindingRedirectsOutputType = true
                   GenerateClickOnceManifests = 
                   GenerateComputedBuildStaticWebAssetsDependsOn = 
                         
                       ;
                       _ResolveBundlingConfiguration;
                       _GenerateScopedCssFiles;
                       BundleScopedCssFiles;
                     ;
                         _CompressFiles;
                       
                   GenerateComputedPublishStaticWebAssetsDependsOn = 
                         ;
                         _CompressFilesForPublish;
                       
                   GeneratedAssemblyInfoFile = obj\Release\net8.0\Cortex.API.AssemblyInfo.cs
                   GenerateDependencyFile = true
                   GeneratedGlobalUsingsFile = obj\Release\net8.0\Cortex.API.GlobalUsings.g.cs
                   GenerateDisableRuntimeMarshallingAttribute = true
                   GenerateDocumentationFile = false
                   GenerateFullPaths = true
                   GenerateInternalsVisibleToAttributes = true
                   GenerateJSModuleManifest = true
                   GenerateManifestsDependsOn = 
                         SetWin32ManifestProperties;
                         GenerateApplicationManifest;
                         GenerateDeploymentManifest
                       
                   GenerateMvcApplicationPartsAssemblyAttributes = true
                   GenerateNeutralResourcesLanguageAttribute = true
                   GenerateNuspecDependsOn = 
                         ResolveRazorGenerateInputs;
                         
                         IncludeStaticWebAssetsPackItems;
                         Build;_LoadPackInputItems; _GetTargetFrameworksOutput; _WalkEachTargetPerFramework; _GetPackageFiles; ;
                       
                       
                   GeneratePackageOnBuild = false
                   GenerateRazorTargetAssemblyInfo = true
                   GenerateRazorTargetAssemblyInfoDependsOn = 
                         _ResolveMvcAssemblyAttributes;
                         
                         GetRazorTargetAssemblyAttributes;
                         _CreateRazorTargetAssemblyInfoInputsCacheFile;
                         CoreGenerateRazorTargetAssemblyInfo
                       
                       
                   GenerateRepositoryUrlAttribute = true
                   GenerateRequiresPreviewFeaturesAttribute = true
                   GenerateResourceMSBuildArchitecture = CurrentArchitecture
                   GenerateResourceMSBuildRuntime = CurrentRuntime
                   GenerateResourceUsePreserializedResources = true
                   GenerateResourceWarnOnBinaryFormatterUse = true
                   GenerateRuntimeConfigDevFile = false
                   GenerateRuntimeConfigurationFiles = true
                   GenerateSatelliteAssembliesForCore = true
                   GenerateStaticWebAssetsManifestDependsOn = ;ResolveStaticWebAssetsInputs
                   GenerateStaticWebAssetsPublishManifestDependsOn = ResolveStaticWebAssetsConfiguration;ResolvePublishStaticWebAssets;
                   GenerateSupportedOSPlatformAttribute = true
                   GenerateTargetFrameworkAttribute = true
                   GenerateTargetPlatformAttribute = true
                   GetCopyToOutputDirectoryItemsDependsOn = 
                         AssignTargetPaths;
                         
                         AssignProjectConfiguration;
                         _SplitProjectReferencesByFileExistence
                       ;
                         _GetProjectReferenceTargetFrameworkProperties;
                         _PopulateCommonStateForGetCopyToOutputDirectoryItems
                       ;AddStaticWebAssetsManifest
                   GetFrameworkPathsDependsOn = 
                   GetReferenceNearestTargetFrameworkTaskSupportsTargetPlatformParameter = true
                   GetTargetPathDependsOn = 
                   GetTargetPathWithTargetPlatformMonikerDependsOn = 
                   HasRuntimeOutput = true
                   HideWarningsAndErrors = false
                   HighEntropyVA = true
                   ImplicitConfigurationDefine = RELEASE
                   ImplicitFrameworkDefine = NET8_0
                   ImplicitUsings = enable
                   ImportByWildcardAfterMicrosoftCommonProps = true
                   ImportByWildcardAfterMicrosoftCommonTargets = true
                   ImportByWildcardAfterMicrosoftCSharpTargets = true
                   ImportByWildcardBeforeMicrosoftCommonProps = true
                   ImportByWildcardBeforeMicrosoftCommonTargets = true
                   ImportByWildcardBeforeMicrosoftCSharpTargets = true
                   ImportDirectoryBuildProps = true
                   ImportDirectoryBuildTargets = true
                   ImportDirectoryPackagesProps = true
                   ImportFrameworkWinFXTargets = false
                   ImportNuGetBuildTasksPackTargetsFromSdk = true
                   ImportProjectExtensionProps = false
                   ImportProjectExtensionTargets = false
                   ImportUserLocationsByWildcardAfterMicrosoftCommonProps = true
                   ImportUserLocationsByWildcardAfterMicrosoftCommonTargets = true
                   ImportUserLocationsByWildcardAfterMicrosoftCSharpTargets = true
                   ImportUserLocationsByWildcardBeforeMicrosoftCommonProps = true
                   ImportUserLocationsByWildcardBeforeMicrosoftCommonTargets = true
                   ImportUserLocationsByWildcardBeforeMicrosoftCSharpTargets = true
                   IncludeBuildOutput = true
                   IncludeContentInPack = true
                   IncludeFileVersionsInDependencyFile = true
                   IncludeMainProjectInDepsFile = true
                   IncludeProjectsNotInAssetsFileInDepsFile = true
                   IncludeRazorContentInPack = false
                   IncludeSourceRevisionInInformationalVersion = true
                   IncludeStaticWebAssetsPackItemsDependsOn = 
                         Build;
                         ResolveStaticWebAssetsConfiguration;LoadStaticWebAssetsBuildManifest
                       ;
                       
                   IncludeSymbolsInSingleFile = false
                   InnerBuildProperty = TargetFramework
                   InnerBuildPropertyValues = TargetFrameworks
                   IntermediateOutputPath = obj\Release\net8.0\
                   IsNetCoreAppTargetingLatestTFM = true
                   IsPackable = false
                   IsPublishable = true
                   IsRazorCompilerReferenced = true
                   IsRestoreTargetsFileLoaded = true
                   IsRidAgnostic = false
                   JSModulesEnabled = true
                   Language = C#
                   LanguageTargets = C:\Program Files\dotnet\sdk\8.0.420\Microsoft.CSharp.targets
                   LangVersion = 12.0
                   MarkPackageReferencesAsExternallyResolved = true
                   MaxSupportedLangVersion = 12.0
                   MaxTargetPath = 100
                   MetadataUpdaterSupport = false
                   MicrosoftBuildTasksGitAssemblyFile = C:\Program Files\dotnet\sdk\8.0.420\Sdks\Microsoft.Build.Tasks.Git\build\..\tools\core\Microsoft.Build.Tasks.Git.dll
                   MicrosoftCommonPropsHasBeenImported = true
                   MicrosoftNETBuildExtensionsTargets = C:\Program Files\dotnet\sdk\8.0.420\\Microsoft\Microsoft.NET.Build.Extensions\Microsoft.NET.Build.Extensions.targets
                   MicrosoftNETBuildExtensionsTasksAssembly = C:\Program Files\dotnet\sdk\8.0.420\Microsoft\Microsoft.NET.Build.Extensions\\tools\net8.0\Microsoft.NET.Build.Extensions.Tasks.dll
                   MicrosoftNETBuildTasksAssembly = C:\Program Files\dotnet\sdk\8.0.420\Sdks\Microsoft.NET.Sdk\targets\..\tools\net8.0\Microsoft.NET.Build.Tasks.dll
                   MicrosoftNETBuildTasksDirectory = C:\Program Files\dotnet\sdk\8.0.420\Sdks\Microsoft.NET.Sdk\targets\..\tools\net8.0\
                   MicrosoftNETBuildTasksDirectoryRoot = C:\Program Files\dotnet\sdk\8.0.420\Sdks\Microsoft.NET.Sdk\targets\..\tools\
                   MicrosoftNETBuildTasksTFM = net8.0
                   MicrosoftNETCrossgenBuildTasksAssembly = C:\Program Files\dotnet\sdk\8.0.420\Sdks\Microsoft.NET.Sdk\targets\..\tasks\net7.0\Microsoft.NET.Sdk.Crossgen.dll
                   MicrosoftNETFrameworkReferenceAssembliesLatestPackageVersion = 1.0.3
                   MicrosoftNETWindowsWorkloadInstalled = true
                   MinimumVisualStudioVersionForUnsupportedTargetFrameworkVersion = 17.12
                   MsAppxPackageTargets = C:\Program Files\dotnet\sdk\8.0.420\Microsoft\VisualStudio\v17.0\AppxPackage\Microsoft.AppXPackage.Targets
                   MSBuildAllProjects = C:\Users\adamc\Documents\Cortex.API\CortexBackend\Cortex.API.csproj;;C:\Program Files\dotnet\sdk\8.0.420\Current\Microsoft.Common.targets\ImportAfter\Microsoft.TestPlatform.ImportAfter.targets
                   MSBuildAssemblyVersion = 17.0
                   MSBuildBinPath = C:\Program Files\dotnet\sdk\8.0.420
                   MSBuildCopyContentTransitively = true
                   MSBuildCopyMarkerName = Cortex.API.csproj.Up2Date
                   MSBuildDisableFeaturesFromVersion = 999.999
                   MSBuildEnableWorkloadResolver = true
                   MSBuildExtensionsPath = C:\Program Files\dotnet\sdk\8.0.420\
                   MSBuildExtensionsPath32 = C:\Program Files\dotnet\sdk\8.0.420
                   MSBuildExtensionsPath64 = C:\Program Files\dotnet\sdk\8.0.420
                   MSBUILDFAILONDRIVEENUMERATINGWILDCARD = 1
                   MSBuildFileVersion = 17.11.48.46605
                   MSBuildIsRestoring = True
                   MSBuildLoadMicrosoftTargetsReadOnly = true
                   MSBuildNodeCount = 16
                   MSBuildProgramFiles32 = C:\Program Files (x86)
                   MSBuildProjectDefaultTargets = Build
                   MSBuildProjectDirectory = C:\Users\adamc\Documents\Cortex.API\CortexBackend
                   MSBuildProjectDirectoryNoRoot = Users\adamc\Documents\Cortex.API\CortexBackend
                   MSBuildProjectExtension = .csproj
                   MSBuildProjectExtensionsPath = C:\Users\adamc\Documents\Cortex.API\CortexBackend\obj\
                   MSBuildProjectFile = Cortex.API.csproj
                   MSBuildProjectFullPath = C:\Users\adamc\Documents\Cortex.API\CortexBackend\Cortex.API.csproj
                   MSBuildProjectName = Cortex.API
                   MSBuildRestoreSessionId = 9d13cee0-88bd-4aff-8ec3-14f799b73c5e
                   MSBuildRuntimeType = Core
                   MSBuildSDKsPath = C:\Program Files\dotnet\sdk\8.0.420\Sdks
                   MSBuildSemanticVersion = 17.11.48+02bf66295
                   MSBuildStartupDirectory = C:\Users\adamc\Documents\Cortex.API
                   MSBuildToolsPath = C:\Program Files\dotnet\sdk\8.0.420
                   MSBuildToolsVersion = Current
                   MSBuildUserExtensionsPath = C:\Users\adamc\AppData\Local\Microsoft\MSBuild
                   MSBUILDUSESERVER = 0
                   MSBuildUseVisualStudioDirectoryLayout = False
                   MSBuildVersion = 17.11.48
                   MSBuildWarningsAsErrors = ;NU1605
                   MSBuildWarningsAsMessages = 1701;1702
                   MSBuildWarningsNotAsErrors = 
                   MSBuildWebTargetsPath = C:\Program Files\dotnet\sdk\8.0.420\\Microsoft\VisualStudio\Managed.Web\
                   MsTestToolsTargets = C:\Program Files\dotnet\sdk\8.0.420\Microsoft\VisualStudio\v17.0\TeamTest\Microsoft.TeamTest.targets
                   NETCoreAppMaximumVersion = 8.0
                   NetCoreRoot = C:\Program Files\dotnet\
                   NETCoreSdkBundledCliToolsProps = C:\Program Files\dotnet\sdk\8.0.420\Sdks\Microsoft.NET.Sdk\targets\..\..\..\Microsoft.NETCoreSdk.BundledCliTools.props
                   NETCoreSdkBundledVersionsProps = C:\Program Files\dotnet\sdk\8.0.420\Sdks\Microsoft.NET.Sdk\targets\..\..\..\Microsoft.NETCoreSdk.BundledVersions.props
                   NETCoreSdkPortableRuntimeIdentifier = win-x64
                   NETCoreSdkRuntimeIdentifier = win-x64
                   NETCoreSdkVersion = 8.0.420
                   NetCoreTargetingPackRoot = C:\Program Files\dotnet\packs
                   NoCompilerStandardLib = true
                   NoStdLib = true
                   NoWarn = 1701;1702
                   NuGetAudit = false
                   NuGetAuditLevel = low
                   NuGetAuditMode = direct
                   NuGetBuildTasksPackTargets = C:\Program Files\dotnet\sdk\8.0.420\Sdks\Microsoft.NET.Sdk\Sdk\..\..\NuGet.Build.Tasks.Pack\build\NuGet.Build.Tasks.Pack.targets
                   NuGetInteractive = 
                   NuGetPackTaskAssemblyFile = ..\CoreCLR\NuGet.Build.Tasks.Pack.dll
                   NuGetPropsFile = C:\Program Files\dotnet\sdk\8.0.420\NuGet.props
                   NuGetRestoreTargets = C:\Program Files\dotnet\sdk\8.0.420\NuGet.targets
                   NuGetTargetMoniker = .NETCoreApp,Version=v8.0
                   Nullable = enable
                   NuspecOutputPath = obj\Release\
                   Optimize = true
                   OutDir = bin\Release\net8.0\
                   OutputPath = bin\Release\net8.0\
                   OutputType = Exe
                   OverwriteReadOnlyFiles = false
                   PackageDescription = Package Description
                   PackageDownloadSupported = true
                   PackagedShimOutputRootDirectory = bin\Release\net8.0\
                   PackageId = Cortex.API
                   PackageOutputPath = bin\Release\
                   PackageRequireLicenseAcceptance = false
                   PackageVersion = 1.0.0
                   PackDependsOn = ; _IntermediatePack; GenerateNuspec; 
                   PackRelease = true
                   Platform = AnyCPU
                   PlatformName = AnyCPU
                   Platforms = AnyCPU
                   PostBuildEventDependsOn = 
                   PreBuildEventDependsOn = 
                   Prefer32Bit = false
                   PrepareForBuildDependsOn = 
                         ;GetFrameworkPaths;GetReferenceAssemblyPaths;AssignLinkMetadata;
                         ResolveRazorGenerateInputs
                       
                   PrepareForRazorCompileDependsOn = 
                         RazorGenerate;
                         ResolveRazorCompileInputs;
                         GenerateRazorTargetAssemblyInfo
                       
                   PrepareForRazorComponentGenerateDependsOn = 
                         ResolveRazorConfiguration;
                         ResolveRazorComponentInputs;
                         _CheckForIncorrectComponentsConfiguration;
                         AssignRazorComponentTargetPaths;
                       
                   PrepareForRazorGenerateDependsOn = 
                         ResolveRazorConfiguration;
                         ResolveRazorGenerateInputs;
                         AssignRazorGenerateTargetPaths;
                         _ResolveGeneratedRazorCompileInputs;
                         _CheckForIncorrectMvcConfiguration;
                       
                   PrepareForRunDependsOn = 
                         _RazorPrepareForRun;
                         StaticWebAssetsPrepareForRun;
                         CopyFilesToOutputDirectory
                       
                       
                   PrepareProjectReferencesDependsOn = 
                         AssignProjectConfiguration;
                         _SplitProjectReferencesByFileExistence;
                         _GetProjectReferenceTargetFrameworkProperties;
                         _GetProjectReferencePlatformProperties
                       
                   PrepareResourceNamesDependsOn = 
                         AssignTargetPaths;
                         SplitResourcesByCulture;
                         CreateManifestResourceNames;
                         CreateCustomManifestResourceNames
                       
                   PrepareResourcesDependsOn = 
                         ResolvePackageDependenciesForBuild;
                         _HandlePackageFileConflicts;
                         
                         ;
                         PrepareResourceNames;
                         ResGen;
                         CompileLicxFiles
                       
                       
                   PreserveCompilationReferences = 
                   ProcessorArchitecture = msil
                   ProcessorArchitectureAsPlatform = AnyCPU
                   ProduceReferenceAssembly = true
                   Product = Cortex.API
                   ProjectAssetsCacheFile = C:\Users\adamc\Documents\Cortex.API\CortexBackend\obj\Release\net8.0\Cortex.API.assets.cache
                   ProjectAssetsFile = C:\Users\adamc\Documents\Cortex.API\CortexBackend\obj\project.assets.json
                   ProjectDepsFileName = Cortex.API.deps.json
                   ProjectDepsFilePath = C:\Users\adamc\Documents\Cortex.API\CortexBackend\bin\Release\net8.0\Cortex.API.deps.json
                   ProjectDesignTimeAssemblyResolutionSearchPaths = 
                         {CandidateAssemblyFiles};
                         ;
                         {HintPathFromItem};
                         {TargetFrameworkDirectory};
                         {Registry:Software\Microsoft\.NETCoreApp,v8.0,AssemblyFoldersEx};
                         {RawFileName};
                         C:\Users\adamc\Documents\Cortex.API\CortexBackend\bin\Release\net8.0\
                       
                   ProjectDir = C:\Users\adamc\Documents\Cortex.API\CortexBackend\
                   ProjectExt = .csproj
                   ProjectFileName = Cortex.API.csproj
                   ProjectFlavor = Client
                   ProjectName = Cortex.API
                   ProjectPath = C:\Users\adamc\Documents\Cortex.API\CortexBackend\Cortex.API.csproj
                   ProjectRuntimeConfigFileName = Cortex.API.runtimeconfig.json
                   ProjectRuntimeConfigFilePath = C:\Users\adamc\Documents\Cortex.API\CortexBackend\bin\Release\net8.0\Cortex.API.runtimeconfig.json
                   PublishableProject = true
                   PublishBuildDependsOn = 
                         BuildOnlySettings;
                         PrepareForBuild;
                         ResolveReferences;
                         PrepareResources;
                         ResolveKeySource;
                         GenerateSerializationAssemblies;
                         CreateSatelliteAssemblies;
                       
                   PublishCompressionFormats = ;gzip;brotli
                   PublishConfiguration = Release
                   PublishContainerDependsOn = 
                         _ContainerVerifySDKVersion;
                         ComputeContainerConfig;
                         _CheckContainersPackage
                       
                   PublishDependsOn = 
                         SetGenerateManifests;
                         Build;
                         PublishOnly
                       
                   PublishDir = bin\Release\net8.0\publish\
                   PublishDirName = publish
                   PublishDocumentationFile = true
                   PublishDocumentationFiles = true
                   PublishIntermediateOutputPath = C:\Users\adamc\Documents\Cortex.API\CortexBackend\obj\Release\net8.0\PubTmp\Out\
                   PublishIntermediateTempPath = C:\Users\adamc\Documents\Cortex.API\CortexBackend\obj\Release\net8.0\PubTmp\
                   PublishItemsOutputGroupDependsOn = 
                         ;
                         ResolveReferences;
                         ComputeResolvedFilesToPublishList;
                         _ComputeFilesToBundle;
                       
                   PublishOnlyDependsOn = 
                         SetGenerateManifests;
                         PublishBuild;
                         BeforePublish;
                         GenerateManifests;
                         CopyFilesToOutputDirectory;
                         _CopyFilesToPublishFolder;
                         _DeploymentGenerateBootstrapper;
                         ResolveKeySource;
                         _DeploymentSignClickOnceDeployment;
                         AfterPublish
                       
                   PublishProfile = Default
                   PublishProfileImported = true
                   PublishProfileName = Default
                   PublishProtocol = FileSystem
                   PublishReadyToRunComposite = false
                   PublishReadyToRunPerfmapFormatVersion = 1
                   PublishReadyToRunUseCrossgen2 = true
                   PublishReadyToRunUseRuntimePackOptimizationData = true
                   PublishReferencesDocumentationFiles = true
                   PublishRelease = true
                   PublishUrl = bin\Release\net8.0\publish\
                   RazorCompileOnBuild = true
                   RazorCompileOnPublish = true
                   RazorCompileToolset = Implicit
                   RazorComponentGenerateDependsOn = 
                         PrepareForRazorComponentGenerate
                       
                   RazorCoreGenerateDependsOn = 
                         _HashRazorGenerateInputs;
                         _ResolveRazorGenerateOutputs;
                       
                   RazorDefaultConfiguration = MVC-3.0
                   RazorDesignTimeTargets = C:\Program Files\dotnet\sdk\8.0.420\Sdks\Microsoft.NET.Sdk.Razor\targets\Microsoft.NET.Sdk.Razor.DesignTime.targets
                   RazorGenerateDependsOn = 
                         PrepareForRazorGenerate;
                       
                   RazorGenerateIntermediateOutputPath = obj\Release\net8.0\Razor\
                   RazorGenerateOutputFileExtension = .g.cs
                   RazorLangVersion = 8.0
                   RazorSdkBuildTasksAssembly = C:\Program Files\dotnet\sdk\8.0.420\Sdks\Microsoft.NET.Sdk.Razor\targets\..\tasks\net8.0\Microsoft.NET.Sdk.Razor.Tasks.dll
                   RazorSdkBuildTasksDirectoryRoot = C:\Program Files\dotnet\sdk\8.0.420\Sdks\Microsoft.NET.Sdk.Razor\targets\..\tasks\
                   RazorSdkCurrentVersionProps = C:\Program Files\dotnet\sdk\8.0.420\Sdks\Microsoft.NET.Sdk.Razor\Sdk\..\targets\Sdk.Razor.CurrentVersion.props
                   RazorSdkCurrentVersionTargets = C:\Program Files\dotnet\sdk\8.0.420\Sdks\Microsoft.NET.Sdk.Razor\Sdk\..\targets\Sdk.Razor.CurrentVersion.targets
                   RazorSdkDirectoryRoot = C:\Program Files\dotnet\sdk\8.0.420\Sdks\Microsoft.NET.Sdk.Razor\targets\..\
                   RazorTargetAssemblyInfo = obj\Release\net8.0\Cortex.API.RazorTargetAssemblyInfo.cs
                   RazorTargetName = Cortex.API.Views
                   RazorTargetNameSuffix = .Views
                   RazorUpToDateReloadFileTypes = .cs;.razor;.resx;.cshtml
                   RebuildDependsOn = 
                         _SdkBeforeRebuild;
                         
                         BeforeRebuild;
                         Clean;
                         Build;
                         AfterRebuild;
                       
                       
                   RefAssembliesFolderName = refs
                   ReferenceCopyLocalPathsOutputGroupDependsOn = 
                         ;
                         
                         ;
                         BuildOnlySettings;
                         PrepareForBuild;
                         AssignTargetPaths;
                         ResolveReferences
                       
                       
                   ReportingServicesTargets = C:\Program Files\dotnet\sdk\8.0.420\\Microsoft\VisualStudio\v17.0\ReportingServices\Microsoft.ReportingServices.targets
                   ResGenDependsOn = ResolveAssemblyReferences;SplitResourcesByCulture;BeforeResGen;CoreResGen;AfterResGen
                   ResGenExecuteAsTool = false
                   ResolveAssemblyReferenceOutputUnresolvedAssemblyConflicts = true
                   ResolveAssemblyReferencesDependsOn = 
                         
                         
                         ResolveProjectReferences;
                         FindInvalidProjectReferences;
                         GetFrameworkPaths;
                         GetReferenceAssemblyPaths;
                         PrepareForBuild;
                         ResolveSDKReferences;
                         ExpandSDKReferences;
                       ;
                         ResolvePackageDependenciesForBuild;
                         _HandlePackageFileConflicts;
                       ;
                         ResolveTargetingPackAssets;
                       
                   ResolveCompressedFilesDependsOn = 
                   ResolveCompressedFilesForPublishDependsOn = 
                   ResolvedRazorCompileToolset = RazorSdk
                   ResolveNuGetPackages = false
                   ResolvePackageDependenciesForBuildDependsOn = 
                         ResolveLockFileReferences;
                         ResolveLockFileAnalyzers;
                         ResolveLockFileCopyLocalFiles;
                         ResolveRuntimePackAssets;
                         RunProduceContentAssets;
                         IncludeTransitiveProjectReferences
                       
                   ResolvePublishStaticWebAssetsDependsOn = 
                         
                         LoadStaticWebAssetsBuildManifest;ComputeReferencedProjectsEmbeddedPublishAssets;ComputeReferencedProjectsPublishAssets;;
                         _AddPublishJsModuleManifest
                       ;
                         _ResolveCompressedFilesForPublish;
                       
                   ResolveRazorCompileInputsDependsOn = 
                         ResolveRazorEmbeddedResources;
                       
                   ResolveReferencesDependsOn = 
                         BeforeResolveReferences;
                         AssignProjectConfiguration;
                         ResolveProjectReferences;
                         FindInvalidProjectReferences;
                         ResolveNativeReferences;
                         ResolveAssemblyReferences;
                         GenerateBindingRedirects;
                         GenerateBindingRedirectsUpdateAppConfig;
                         ResolveComReferences;
                         AfterResolveReferences
                       
                   ResolveScopedCssOutputsDependsOn = 
                         
                       ;
                     ;
                         ResolveCssScopes;
                       
                   ResolveSDKReferencesDependsOn = 
                         GetInstalledSDKLocations
                       
                   ResolveStaticWebAssetsInputsDependsOn = 
                         
                         
                         
                       UpdateExistingPackageStaticWebAssets;ResolveProjectStaticWebAssets;ResolveEmbeddedProjectsStaticWebAssets;ResolveReferencedProjectsStaticWebAssets;;
                       UpdateLegacyPackageScopedCssBundles;
                       _AddScopedCssBundles;
                     ;
                         _AddJsModulesToStaticWebAssets;
                       ;
                         _AddBuildJsModuleManifest;
                       ;
                         _ResolveCompressedFiles;
                       
                   RestoreAdditionalProjectSources = ;C:\Program Files\dotnet\library-packs
                   RestoreBuildInParallel = true
                   RestoreContinueOnError = WarnAndContinue
                   RestoreOutputPath = C:\Users\adamc\Documents\Cortex.API\CortexBackend\obj\
                   RestoreProjectStyle = PackageReference
                   RestoreRecursive = true
                   RestoreTaskAssemblyFile = NuGet.Build.Tasks.dll
                   RestoreUseSkipNonexistentTargets = true
                   RootNamespace = Cortex.API
                   RoslynTargetsPath = C:\Program Files\dotnet\sdk\8.0.420\Roslyn
                   RunArguments = 
                   RunCommand = C:\Users\adamc\Documents\Cortex.API\CortexBackend\bin\Release\net8.0\Cortex.API.exe
                   RunDependsOn = 
                   RunPackageValidationDependsOn = CollectApiCompatInputs;_GetReferencePathFromInnerProjects;
                   RuntimeIdentifierGraphPath = C:\Program Files\dotnet\sdk\8.0.420/PortableRuntimeIdentifierGraph.json
                   RunWorkingDirectory = C:\Users\adamc\Documents\Cortex.API\CortexBackend
                   SatelliteDllsProjectOutputGroupDependenciesDependsOn = 
                         ;
                         
                         ;
                         BuildOnlySettings;
                         PrepareForBuild;
                         AssignTargetPaths;
                         ResolveReferences
                       
                       
                   SatelliteDllsProjectOutputGroupDependsOn = ;PrepareForBuild;PrepareResourceNames
                   ScopedCssEnabled = true
                   SDKContainerSupportEnabled = true
                   SDKRedistOutputGroupDependsOn = ResolveSDKReferences;ExpandSDKReferences
                   SDKReferenceDirectoryRoot = C:\Users\adamc\AppData\Local\Microsoft SDKs;C:\Program Files (x86)\Microsoft SDKs
                   SDKReferenceRegistryRoot = Software\Microsoft\Microsoft SDKs
                   SelfContained = false
                   ServerGarbageCollection = true
                   SGenFilesOutputGroupDependenciesDependsOn = 
                         ;
                         
                         ;
                         BuildOnlySettings;
                         PrepareForBuild;
                         AssignTargetPaths;
                         ResolveReferences
                       
                       
                   SGenFilesOutputGroupDependsOn = 
                   SGenShouldGenerateSerializer = true
                   SGenUseKeep = false
                   SGenUseProxyTypes = true
                   ShouldMarkCertainSDKReferencesAsRuntimeOnly = true
                   SignAssembly = false
                   SkipCopyUnchangedFiles = true
                   SkipImportNuGetBuildTargets = true
                   SkipImportNuGetProps = true
                   SolutionDir = C:\Users\adamc\Documents\Cortex.API\
                   SolutionExt = .sln
                   SolutionFileName = Cortex.API.sln
                   SolutionName = Cortex.API
                   SolutionPath = C:\Users\adamc\Documents\Cortex.API\Cortex.API.sln
                   SourceControlInformationFeatureSupported = true
                   SourceControlManagerUrlTranslationTargets = ;TranslateGitHubUrlsInSourceControlInformation;TranslateGitLabUrlsInSourceControlInformation;TranslateAzureReposGitUrlsInSourceControlInformation;TranslateBitbucketGitUrlsInSourceControlInformation
                   SourceFilesProjectOutputGroupDependsOn = PrepareForBuild;AssignTargetPaths
                   SourceLinkUrlInitializerTargets = ;_InitializeGitHubSourceLinkUrl;_InitializeGitLabSourceLinkUrl;_InitializeAzureReposGitSourceLinkUrl;_InitializeBitbucketGitSourceLinkUrl
                   SourceRootMappedPathsFeatureSupported = true
                   StaticWebAssetsEnabled = true
                   StaticWebAssetsPrepareForPublishDependsOn = 
                         
                         ;ResolveStaticWebAssetsConfiguration;GenerateStaticWebAssetsPublishManifest;GenerateComputedPublishStaticWebAssets;
                         _GeneratePublishJsModuleManifest;
                       ;
                         _CompressFilesForPublish;
                       
                   StaticWebAssetsPrepareForRunDependsOn = 
                         ;GenerateStaticWebAssetsManifest;GenerateComputedBuildStaticWebAssets;CopyStaticWebAssetsToOutputDirectory;
                         _GenerateBuildJsModuleManifest;
                       
                   StaticWebAssetsSdkBuildTasksAssembly = C:\Program Files\dotnet\sdk\8.0.420\Sdks\Microsoft.NET.Sdk.StaticWebAssets\targets\..\tasks\net8.0\Microsoft.NET.Sdk.StaticWebAssets.Tasks.dll
                   StaticWebAssetsSdkBuildTasksDirectoryRoot = C:\Program Files\dotnet\sdk\8.0.420\Sdks\Microsoft.NET.Sdk.StaticWebAssets\targets\..\tasks\
                   StaticWebAssetsSdkCurrentVersionProps = C:\Program Files\dotnet\sdk\8.0.420\Sdks\Microsoft.NET.Sdk.StaticWebAssets\Sdk\..\targets\Sdk.StaticWebAssets.CurrentVersion.props
                   StaticWebAssetsSdkCurrentVersionTargets = C:\Program Files\dotnet\sdk\8.0.420\Sdks\Microsoft.NET.Sdk.StaticWebAssets\Sdk\..\targets\Sdk.StaticWebAssets.CurrentVersion.targets
                   StaticWebAssetsSdkDirectoryRoot = C:\Program Files\dotnet\sdk\8.0.420\Sdks\Microsoft.NET.Sdk.StaticWebAssets\targets\..\
                   SupportedOSPlatformVersion = 
                   SupportsDeployOnBuild = true
                   SupportsRoslynComponentVersioning = true
                   SuppressDependenciesWhenPacking = false
                   SymbolPackageFormat = symbols.nupkg
                   TargetCulture = *
                   TargetDeployManifestFileName = Cortex.API.application
                   TargetDir = C:\Users\adamc\Documents\Cortex.API\CortexBackend\bin\Release\net8.0\
                   TargetedFrameworkDir = @(_TargetedFrameworkDirectoryItem)
                   TargetedSDKArchitecture = msil
                   TargetedSDKConfiguration = Retail
                   TargetExt = .dll
                   TargetFileName = Cortex.API.dll
                   TargetFramework = net8.0
                   TargetFrameworkDirectory = 
                   TargetFrameworkIdentifier = .NETCoreApp
                   TargetFrameworkMoniker = .NETCoreApp,Version=v8.0
                   TargetFrameworkMonikerAssemblyAttributesPath = obj\Release\net8.0\.NETCoreApp,Version=v8.0.AssemblyAttributes.cs
                   TargetFrameworkMonikerDisplayName = .NET 8.0
                   TargetFrameworkSDKToolsDirectory = 
                   TargetFrameworkVersion = v8.0
                   TargetLatestRuntimePatch = false
                   TargetName = Cortex.API
                   TargetPath = C:\Users\adamc\Documents\Cortex.API\CortexBackend\bin\Release\net8.0\Cortex.API.dll
                   TargetPlatformDisplayName =  
                   TargetPlatformIdentifier = 
                   TargetPlatformRegistryBase = Software\Microsoft\Microsoft SDKs\
                   TargetPlatformSdkPath = 
                   TargetPlatformVersion = 
                   TargetRefPath = C:\Users\adamc\Documents\Cortex.API\CortexBackend\obj\Release\net8.0\ref\Cortex.API.dll
                   TargetRuntime = Managed
                   TargetsCurrent = true
                   TargetsForTfmSpecificContentInPackage = ;PackTool;_PackProjectToolValidation
                   TargetsNet8 = true
                   ToolCommandName = Cortex.API
                   ToolDepsJsonGeneratorProject = C:\Program Files\dotnet\sdk\8.0.420\Sdks\Microsoft.NET.Sdk\targets\GenerateDeps\GenerateDeps.proj
                   ToolEntryPoint = Cortex.API.dll
                   TreatWarningsAsErrors = false
                   UnmanagedRegistrationDependsOn = 
                   UnmanagedUnregistrationDependsOn = 
                   UnsupportedTargetFrameworkVersion = 9.0
                   UpToDateReloadFileTypes = ;.cs;.razor;.resx;.cshtml
                   UseAppHost = true
                   UseCommonOutputDirectory = false
                   UseDefaultPlatformLookupTables = true
                   UseHostCompilerIfAvailable = true
                   UseMSBuildTestInfrastructure = false
                   UseOSWinMdReferences = false
                   UseRazorBuildServer = true
                   UseRazorSourceGenerator = true
                   UseRidGraph = false
                   UserProfileRuntimeStorePath = C:\Users\adamc\.dotnet\store
                   UserRuntimeConfig = C:\Users\adamc\Documents\Cortex.API\CortexBackend/runtimeconfig.template.json
                   UserSecretsId = 0f772980-640d-4302-824c-791d900e0e8a
                   UseSourcePath = true
                   UseStaticWebAssetsV2 = true
                   UsingMicrosoftNETSdk = true
                   UsingMicrosoftNETSdkPublish = true
                   UsingMicrosoftNETSdkRazor = true
                   UsingMicrosoftNETSdkStaticWebAssets = true
                   UsingMicrosoftNETSdkWeb = true
                   UsingMicrosoftNETSdkWebProjectSystem = true
                   UsingNETSdkDefaults = true
                   Utf8Output = true
                   ValidateRuntimeIdentifierCompatibility = false
                   VerifyMatchingImplicitPackageVersion = true
                   Version = 1.0.0
                   VersionlessImplicitFrameworkDefine = NET
                   VersionPrefix = 1.0.0
                   VisualStudioVersion = 17.0
                   VSTestConsolePath = C:\Program Files\dotnet\sdk\8.0.420\vstest.console.dll
                   VSTestNoBuild = False
                   VSTestTargets = C:\Program Files\dotnet\sdk\8.0.420\\Microsoft.TestPlatform.targets
                   VSTestTaskAssemblyFile = Microsoft.TestPlatform.Build.dll
                   VsTestUseMSBuildOutput = False
                   WarningLevel = 8
                   WarningsAsErrors = ;NU1605;SYSLIB0011
                   WarnOnPackingNonPackableProject = true
                   WebPublishMethod = FileSystem
                   WebReference_EnableLegacyEventingModel = false
                   WebReference_EnableProperties = true
                   WebReference_EnableSQLTypes = true
                   WMSJSProject = WJProject
                   WMSJSProjectDirectory = JavaScript
                   YieldDuringToolExecution = true

04:44:08.753     0>Initial Items:
                   _AllDirectoriesAbove
                       C:\
                       C:\Users
                       C:\Users\adamc
                       C:\Users\adamc\Documents
                       C:\Users\adamc\Documents\Cortex.API
                       C:\Users\adamc\Documents\Cortex.API\CortexBackend
                       C:\Users\adamc\Documents\Cortex.API\CortexBackend\Authorization
                       C:\Users\adamc\Documents\Cortex.API\CortexBackend\Data
                       C:\Users\adamc\Documents\Cortex.API\CortexBackend\Data\Repositories
                       C:\Users\adamc\Documents\Cortex.API\CortexBackend\Data\Repositories\Interfaces
                       C:\Users\adamc\Documents\Cortex.API\CortexBackend\Database
                       C:\Users\adamc\Documents\Cortex.API\CortexBackend\DTO
                       C:\Users\adamc\Documents\Cortex.API\CortexBackend\ExceptionHandling
                       C:\Users\adamc\Documents\Cortex.API\CortexBackend\Extensions
                       C:\Users\adamc\Documents\Cortex.API\CortexBackend\Handlers
                       C:\Users\adamc\Documents\Cortex.API\CortexBackend\Health
                       C:\Users\adamc\Documents\Cortex.API\CortexBackend\Hubs
                       C:\Users\adamc\Documents\Cortex.API\CortexBackend\Middleware
                       C:\Users\adamc\Documents\Cortex.API\CortexBackend\Migrations
                       C:\Users\adamc\Documents\Cortex.API\CortexBackend\Models
                       C:\Users\adamc\Documents\Cortex.API\CortexBackend\Services
                       C:\Users\adamc\Documents\Cortex.API\CortexBackend\Validation
                   _ApplicationManifestFinal
                       bin\Release\net8.0\Cortex.API.dll.manifest
                           TargetPath = Cortex.API.dll.manifest
                   _ContentIncludedByDefault
                       appsettings.Development.json
                           CopyToOutputDirectory = PreserveNewest
                           ExcludeFromSingleFile = true
                           CopyToPublishDirectory = PreserveNewest
                       appsettings.json
                           CopyToOutputDirectory = PreserveNewest
                           ExcludeFromSingleFile = true
                           CopyToPublishDirectory = PreserveNewest
                   _DebugSymbolsIntermediatePath
                       obj\Release\net8.0\Cortex.API.pdb
                   _DebugSymbolsOutputPath
                       bin\Release\net8.0\Cortex.API.pdb
                   _DeploymentManifestEntryPoint
                       obj\Release\net8.0\Cortex.API.dll
                           TargetPath = Cortex.API.dll
                   _EolNetCoreTargetFrameworkVersions
                       1.0
                       1.1
                       2.0
                       2.1
                       2.2
                       3.0
                       3.1
                       5.0
                       6.0
                       7.0
                   _ExcludedKnownRuntimeIdentiferPlatforms
                       rhel.6
                       rhel.6
                       rhel.6
                       rhel.6
                       rhel.6
                       rhel.6
                       rhel.6
                       rhel.6
                       rhel.6
                       rhel.6
                       rhel.6
                       rhel.6
                       rhel.6
                       rhel.6
                       rhel.6
                       rhel.6
                       rhel.6
                       rhel.6
                       rhel.6
                       tizen.4.0.0
                       tizen.4.0.0
                       tizen.4.0.0
                       tizen.4.0.0
                       tizen.4.0.0
                       tizen.4.0.0
                       tizen.4.0.0
                       tizen.4.0.0
                       tizen.4.0.0
                       tizen.4.0.0
                       tizen.4.0.0
                       tizen.4.0.0
                       tizen.4.0.0
                       tizen.4.0.0
                       tizen.4.0.0
                       tizen.4.0.0
                       tizen.4.0.0
                       tizen.4.0.0
                       tizen.4.0.0
                       tizen.5.0.0
                       tizen.5.0.0
                       tizen.5.0.0
                       tizen.5.0.0
                       tizen.5.0.0
                       tizen.5.0.0
                       tizen.5.0.0
                       tizen.5.0.0
                       tizen.5.0.0
                       tizen.5.0.0
                       tizen.5.0.0
                       tizen.5.0.0
                       tizen.5.0.0
                       tizen.5.0.0
                       tizen.5.0.0
                       tizen.5.0.0
                       tizen.5.0.0
                       tizen.5.0.0
                       tizen.5.0.0
                   _KnownRuntimeIdentiferPlatforms
                       any
                       any
                       any
                       any
                       any
                       any
                       any
                       any
                       any
                       any
                       any
                       any
                       any
                       any
                       any
                       any
                       any
                       any
                       any
                       aot
                       aot
                       aot
                       aot
                       aot
                       aot
                       aot
                       aot
                       aot
                       aot
                       aot
                       aot
                       aot
                       aot
                       aot
                       aot
                       aot
                       aot
                       aot
                       freebsd
                       freebsd
                       freebsd
                       freebsd
                       freebsd
                       freebsd
                       freebsd
                       freebsd
                       freebsd
                       freebsd
                       freebsd
                       freebsd
                       freebsd
                       freebsd
                       freebsd
                       freebsd
                       freebsd
                       freebsd
                       freebsd
                       illumos
                       illumos
                       illumos
                       illumos
                       illumos
                       illumos
                       illumos
                       illumos
                       illumos
                       illumos
                       illumos
                       illumos
                       illumos
                       illumos
                       illumos
                       illumos
                       illumos
                       illumos
                       illumos
                       solaris
                       solaris
                       solaris
                       solaris
                       solaris
                       solaris
                       solaris
                       solaris
                       solaris
                       solaris
                       solaris
                       solaris
                       solaris
                       solaris
                       solaris
                       solaris
                       solaris
                       solaris
                       solaris
                       unix
                       unix
                       unix
                       unix
                       unix
                       unix
                       unix
                       unix
                       unix
                       unix
                       unix
                       unix
                       unix
                       unix
                       unix
                       unix
                       unix
                       unix
                       unix
                   _OutputPathItem
                       bin\Release\net8.0\
                   _RazorDebugSymbolsIntermediatePath
                       obj\Release\net8.0\Cortex.API.Views.pdb
                   _ResolveComReferenceCache
                       obj\Release\net8.0\Cortex.API.csproj.ResolveComReference.cache
                   _StaticWebAssetCanonicalMetadata
                       AssetKind
                       AssetMergeBehavior
                       AssetMergeSource
                       AssetMode
                       AssetRole
                       AssetTraitName
                       AssetTraitValue
                       BasePath
                       ContentRoot
                       CopyToOutputDirectory
                       CopyToPublishDirectory
                       OriginalItemSpec
                       RelatedAsset
                       RelativePath
                       SourceId
                       SourceType
                   _StaticWebAssetDiscoveryPatternCanonicalMetadata
                       BasePath
                       ContentRoot
                       Pattern
                       Source
                   _StaticWebAssetEmbeddedProjectConfigurationCanonicalMetadata
                       AdditionalEmbeddedBuildProperties
                       AdditionalEmbeddedBuildPropertiesToRemove
                       AdditionalEmbeddedPublishProperties
                       AdditionalEmbeddedPublishPropertiesToRemove
                       GetEmbeddedBuildAssetsTargets
                       GetEmbeddedPublishAssetsTargets
                       Source
                       TargetFramework
                       Version
                   _StaticWebAssetProjectConfigurationCanonicalMetadata
                       AdditionalBuildProperties
                       AdditionalBuildPropertiesToRemove
                       AdditionalPublishProperties
                       AdditionalPublishPropertiesToRemove
                       GetBuildAssetsTargets
                       GetPublishAssetsTargets
                       Source
                       TargetFramework
                       Version
                   _UnmanagedRegistrationCache
                       C:\Users\adamc\Documents\Cortex.API\CortexBackend\obj\Cortex.API.csproj.UnmanagedRegistration.cache
                   _ValidProjectsForRestore
                       C:\Users\adamc\Documents\Cortex.API\CortexBackend\Cortex.API.csproj
                   _WebToolingArtifacts
                       Properties\launchSettings.json
                   AdditionalProbingPath
                       C:\Users\adamc\.dotnet\store\|arch|\|tfm|
                   AdditionalTargetFrameworkInfoProperty
                       _IsExecutable
                       _SelfContainedWasSpecified
                       IsRidAgnostic
                       SelfContained
                       ShouldBeValidatedAsExecutableReference
                   Analyzer
                       C:\Program Files\dotnet\sdk\8.0.420\Sdks\Microsoft.NET.Sdk.Web\analyzers\cs\Microsoft.AspNetCore.Analyzers.dll
                           IsImplicitlyDefined = true
                       C:\Program Files\dotnet\sdk\8.0.420\Sdks\Microsoft.NET.Sdk.Web\analyzers\cs\Microsoft.AspNetCore.Mvc.Analyzers.dll
                           IsImplicitlyDefined = true
                       C:\Program Files\dotnet\sdk\8.0.420\Sdks\Microsoft.NET.Sdk\targets\..\analyzers\Microsoft.CodeAnalysis.CSharp.NetAnalyzers.dll
                           IsImplicitlyDefined = true
                       C:\Program Files\dotnet\sdk\8.0.420\Sdks\Microsoft.NET.Sdk\targets\..\analyzers\Microsoft.CodeAnalysis.NetAnalyzers.dll
                           IsImplicitlyDefined = true
                   AppConfigFileDestination
                       bin\Release\net8.0\Cortex.API.dll.config
                   ApplicationManifest
                       obj\Release\net8.0\Cortex.API.dll.manifest
                           TargetPath = Cortex.API.dll.manifest
                   BuiltProjectOutputGroupKeyOutput
                       C:\Users\adamc\Documents\Cortex.API\CortexBackend\obj\Release\net8.0\Cortex.API.dll
                           IsKeyOutput = true
                           FinalOutputPath = C:\Users\adamc\Documents\Cortex.API\CortexBackend\bin\Release\net8.0\Cortex.API.dll
                           TargetPath = Cortex.API.dll
                   ClsidMap
                       obj\Release\net8.0\Cortex.API.clsidmap
                   Compile
                       Authorization\CortexAuthorizationExtensions.cs
                       Data\EfSqlGuardrails.cs
                       Data\Repositories\ArchiveConfigurationRepository.cs
                       Data\Repositories\CommentRepository.cs
                       Data\Repositories\HttpRequestLogRepository.cs
                       Data\Repositories\Interfaces\IArchiveConfigurationRepository.cs
                       Data\Repositories\Interfaces\ICommentRepository.cs
                       Data\Repositories\Interfaces\IHttpRequestLogRepository.cs
                       Data\Repositories\Interfaces\INotificationChannelConfigurationRepository.cs
                       Data\Repositories\Interfaces\INotificationRepository.cs
                       Data\Repositories\Interfaces\IReportDefinitionRepository.cs
                       Data\Repositories\Interfaces\IRoleDefinitionRepository.cs
                       Data\Repositories\Interfaces\IScheduledJobRepository.cs
                       Data\Repositories\Interfaces\ISessionConfigurationRepository.cs
                       Data\Repositories\Interfaces\ISlaConfigurationRepository.cs
                       Data\Repositories\Interfaces\IStoredProcedureDefinitionRepository.cs
                       Data\Repositories\Interfaces\ITicketAttachmentRepository.cs
                       Data\Repositories\Interfaces\ITicketBoardDefinitionRepository.cs
                       Data\Repositories\Interfaces\ITicketRepository.cs
                       Data\Repositories\Interfaces\ITicketRoutingRuleRepository.cs
                       Data\Repositories\Interfaces\ITicketStatusDefinitionRepository.cs
                       Data\Repositories\Interfaces\IUserRepository.cs
                       Data\Repositories\NotificationChannelConfigurationRepository.cs
                       Data\Repositories\NotificationRepository.cs
                       Data\Repositories\ReportDefinitionRepository.cs
                       Data\Repositories\RoleDefinitionRepository.cs
                       Data\Repositories\ScheduledJobRepository.cs
                       Data\Repositories\SessionConfigurationRepository.cs
                       Data\Repositories\SlaConfigurationRepository.cs
                       Data\Repositories\StoredProcedureDefinitionRepository.cs
                       Data\Repositories\TicketAttachmentRepository.cs
                       Data\Repositories\TicketBoardDefinitionRepository.cs
                       Data\Repositories\TicketRepository.cs
                       Data\Repositories\TicketRoutingRuleRepository.cs
                       Data\Repositories\TicketStatusDefinitionRepository.cs
                       Data\Repositories\UserRepository.cs
                       Data\SampleData.cs
                       Data\TicketQueryableExtensions.cs
                       Database\CortexDbContext.cs
                       DTO\AdminUpdateUserRequest.cs
                       DTO\AdminUserResponse.cs
                       DTO\ArchiveConfigurationResponse.cs
                       DTO\ArchivedTicketResponse.cs
                       DTO\Auth0RoleDtos.cs
                       DTO\CommentResponse.cs
                       DTO\CreateTicketRequest.cs
                       DTO\CreateUserRequest.cs
                       DTO\CustomReportResultResponse.cs
                       DTO\DatabaseStoredProcedureDefinitionResponse.cs
                       DTO\DatabaseViewDefinitionResponse.cs
                       DTO\Mappers.cs
                       DTO\NotificationChannelConfigurationResponse.cs
                       DTO\NotificationResponse.cs
                       DTO\OnlineUserResponse.cs
                       DTO\PagedTicketListResponse.cs
                       DTO\RealtimeEventMessage.cs
                       DTO\ReportDefinitionResponse.cs
                       DTO\ResponseMappingContext.cs
                       DTO\RoleDefinitionResponse.cs
                       DTO\ScheduledJobResponse.cs
                       DTO\SessionConfigurationResponse.cs
                       DTO\SlaConfigurationResponse.cs
                       DTO\StoredProcedureDefinitionResponse.cs
                       DTO\TicketActionReasonRequest.cs
                       DTO\TicketAttachmentResponse.cs
                       DTO\TicketAuditEntryResponse.cs
                       DTO\TicketAuditFieldChangeResponse.cs
                       DTO\TicketBoardCountResponse.cs
                       DTO\TicketBoardDefinitionResponse.cs
                       DTO\TicketResponse.cs
                       DTO\TicketRoutingDecisionResponse.cs
                       DTO\TicketRoutingRuleResponse.cs
                       DTO\TicketStatusDefinitionResponse.cs
                       DTO\UpdateArchiveConfigurationRequest.cs
                       DTO\UpdateNotificationChannelConfigurationRequest.cs
                       DTO\UpdateSessionConfigurationRequest.cs
                       DTO\UpdateSlaConfigurationRequest.cs
                       DTO\UpdateTicketRequest.cs
                       DTO\UpdateUserProfileRequest.cs
                       DTO\UpsertReportDefinitionRequest.cs
                       DTO\UpsertRoleDefinitionRequest.cs
                       DTO\UpsertScheduledJobRequest.cs
                       DTO\UpsertStoredProcedureDefinitionRequest.cs
                       DTO\UpsertTicketBoardDefinitionRequest.cs
                       DTO\UpsertTicketRoutingRuleRequest.cs
                       DTO\UpsertTicketStatusDefinitionRequest.cs
                       DTO\UserReponse.cs
                       ExceptionHandling\GlobalExceptionHandler.cs
                       Extensions\AdminLogEndpoints.cs
                       Extensions\ArchiveConfigurationEndpoints.cs
                       Extensions\ClaimsEndpoint.cs
                       Extensions\CommentEndpoints.cs
                       Extensions\NotificationChannelConfigurationEndpoints.cs
                       Extensions\NotificationEndpoints.cs
                       Extensions\RealtimeEndpoints.cs
                       Extensions\RemoveBearerDocumentFilter.cs
                       Extensions\ReportDefinitionEndpoints.cs
                       Extensions\RoleDefinitionEndpoints.cs
                       Extensions\RootEndPoint.cs
                       Extensions\ScheduledJobEndpoints.cs
                       Extensions\SessionConfigurationEndpoints.cs
                       Extensions\SlaConfigurationEndpoints.cs
                       Extensions\StoredProcedureDefinitionEndpoints.cs
                       Extensions\TicketAttachmentEndpoints.cs
                       Extensions\TicketBoardEndpoints.cs
                       Extensions\TicketEndpoints.cs
                       Extensions\TicketRoutingRuleEndpoints.cs
                       Extensions\TicketStatusEndpoints.cs
                       Extensions\UserEndpoints.cs
                       Handlers\AdminLogExportHandlers.cs
                       Handlers\ArchiveConfigurationHandlers.cs
                       Handlers\CommentHandlers.cs
                       Handlers\NotificationChannelConfigurationHandlers.cs
                       Handlers\NotificationHandlers.cs
                       Handlers\RealtimeHandlers.cs
                       Handlers\ReportDefinitionHandlers.cs
                       Handlers\RoleDefinitionHandlers.cs
                       Handlers\ScheduledJobHandlers.cs
                       Handlers\SessionConfigurationHandlers.cs
                       Handlers\SlaConfigurationHandlers.cs
                       Handlers\StoredProcedureDefinitionHandlers.cs
                       Handlers\TicketAttachmentHandlers.cs
                       Handlers\TicketBoardHandlers.cs
                       Handlers\TicketHandlers.cs
                       Handlers\TicketRoutingRuleHandlers.cs
                       Handlers\TicketStatusHandlers.cs
                       Handlers\UsersHandlers.cs
                       Health\MinimalHealthCheckResponseWriter.cs
                       Hubs\RealtimeHub.cs
                       Hubs\RealtimeHubGroups.cs
                       Middleware\StructuredRequestLoggingMiddleware.cs
                       Migrations\20260211031310_InitialCreate.cs
                       Migrations\20260211031310_InitialCreate.Designer.cs
                       Migrations\20260211031407_UpdateUserForAuth0.cs
                       Migrations\20260211031407_UpdateUserForAuth0.Designer.cs
                       Migrations\20260214082156_UpdateModels.cs
                       Migrations\20260214082156_UpdateModels.Designer.cs
                       Migrations\20260214093121_UpdateModels1.cs
                       Migrations\20260214093121_UpdateModels1.Designer.cs
                       Migrations\20260214095402_UpdateModels2.cs
                       Migrations\20260214095402_UpdateModels2.Designer.cs
                       Migrations\20260406143000_AddSlaConfigurations.cs
                       Migrations\20260406235500_AddUserProfileFields.cs
                       Migrations\20260408025428_AddTicketAttachments.cs
                       Migrations\20260408025428_AddTicketAttachments.Designer.cs
                       Migrations\20260408033002_AddArchivedTickets.cs
                       Migrations\20260408033002_AddArchivedTickets.Designer.cs
                       Migrations\20260408035528_AddArchiveConfiguration.cs
                       Migrations\20260408035528_AddArchiveConfiguration.Designer.cs
                       Migrations\20260408040214_AddArchiveConfigurationTable.cs
                       Migrations\20260408040214_AddArchiveConfigurationTable.Designer.cs
                       Migrations\20260409044732_AddScheduledJobsAndStoredProcedures.cs
                       Migrations\20260409044732_AddScheduledJobsAndStoredProcedures.Designer.cs
                       Migrations\20260409050950_AddTicketAuditHistory.cs
                       Migrations\20260409050950_AddTicketAuditHistory.Designer.cs
                       Migrations\20260409052557_AddSessionConfiguration.cs
                       Migrations\20260409052557_AddSessionConfiguration.Designer.cs
                       Migrations\20260409053225_AddUserPresenceTracking.cs
                       Migrations\20260409053225_AddUserPresenceTracking.Designer.cs
                       Migrations\20260409053838_AddReportDefinitions.cs
                       Migrations\20260409053838_AddReportDefinitions.Designer.cs
                       Migrations\20260409061509_AddTicketStatusesAndArchiveStatusSelections.cs
                       Migrations\20260409061509_AddTicketStatusesAndArchiveStatusSelections.Designer.cs
                       Migrations\20260409204207_AddDatabaseBackedReportsAndStoredProcedures.cs
                       Migrations\20260409204207_AddDatabaseBackedReportsAndStoredProcedures.Designer.cs
                       Migrations\20260410175953_AddArchivedTicketChildrenAndArchiveAutomation.cs
                       Migrations\20260410175953_AddArchivedTicketChildrenAndArchiveAutomation.Designer.cs
                       Migrations\20260411101500_BackfillLegacyArchivedTicketChildren.cs
                       Migrations\20260411144339_AddUserNotifications.cs
                       Migrations\20260411144339_AddUserNotifications.Designer.cs
                       Migrations\20260411191500_AddTicketRoutingRules.cs
                       Migrations\20260411224110_AddTicketRoutingRulesFix.cs
                       Migrations\20260411224110_AddTicketRoutingRulesFix.Designer.cs
                       Migrations\20260412044155_AddNotificationChannelConfiguration.cs
                       Migrations\20260412044155_AddNotificationChannelConfiguration.Designer.cs
                       Migrations\20260412045846_AddUserNotificationPreferences.cs
                       Migrations\20260412045846_AddUserNotificationPreferences.Designer.cs
                       Migrations\20260412053620_ExpandTicketRoutingRuleMatching.cs
                       Migrations\20260412053620_ExpandTicketRoutingRuleMatching.Designer.cs
                       Migrations\20260412210858_AddTicketBoardsAndStoryPoints.cs
                       Migrations\20260412210858_AddTicketBoardsAndStoryPoints.Designer.cs
                       Migrations\20260414023420_AddHttpRequestLogEntries.cs
                       Migrations\20260414023420_AddHttpRequestLogEntries.Designer.cs
                       Migrations\20260414043836_RoleAuthorizationUserAdmin.cs
                       Migrations\20260414043836_RoleAuthorizationUserAdmin.Designer.cs
                       Migrations\20260414050000_AddTicketIdSequence.cs
                       Migrations\20260415031204_EnsureArchiveTicketPersistsBoardAndStoryPoints.cs
                       Migrations\20260415031204_EnsureArchiveTicketPersistsBoardAndStoryPoints.Designer.cs
                       Migrations\20260416025404_EnsureTicketIdSequenceExists.cs
                       Migrations\20260416025404_EnsureTicketIdSequenceExists.Designer.cs
                       Migrations\20260417041927_AddTicketRowVersion.cs
                       Migrations\20260417041927_AddTicketRowVersion.Designer.cs
                       Migrations\20260417060657_AddRoutingEngineV1Persistence.cs
                       Migrations\20260417060657_AddRoutingEngineV1Persistence.Designer.cs
                       Migrations\20260417064121_AddRoleDefinitions.cs
                       Migrations\20260417064121_AddRoleDefinitions.Designer.cs
                       Migrations\CortexDbContextModelSnapshot.cs
                       Models\ArchiveConfiguration.cs
                       Models\ArchivedComment.cs
                       Models\ArchivedTicket.cs
                       Models\ArchivedTicketAttachment.cs
                       Models\Auth0Roles.cs
                       Models\Comment.cs
                       Models\HttpRequestLogEntry.cs
                       Models\LoginRequest.cs
                       Models\LoginResponse.cs
                       Models\NotificationChannelConfiguration.cs
                       Models\NotificationChannelMode.cs
                       Models\ReportDefinition.cs
                       Models\RoleDefinition.cs
                       Models\RoutingFactors.cs
                       Models\ScheduledJob.cs
                       Models\ScheduledJobType.cs
                       Models\SessionConfiguration.cs
                       Models\SlaConfiguration.cs
                       Models\StoredProcedureDefinition.cs
                       Models\Ticket.cs
                       Models\TicketAttachment.cs
                       Models\TicketAuditEntry.cs
                       Models\TicketAuditFieldChange.cs
                       Models\TicketBoardDefinition.cs
                       Models\TicketRoutingDecision.cs
                       Models\TicketRoutingOverride.cs
                       Models\TicketRoutingRule.cs
                       Models\TicketStatusDefinition.cs
                       Models\UserNotification.cs
                       Models\Users.cs
                       Program.cs
                       Services\ArchiveAutomationService.cs
                       Services\ArchiveConfigurationService.cs
                       Services\Auth0ManagementException.cs
                       Services\Auth0ManagementOptions.cs
                       Services\Auth0ManagementService.cs
                       Services\Auth0UserRoleSyncService.cs
                       Services\DatabaseProgrammabilityService.cs
                       Services\IArchiveAutomationService.cs
                       Services\IArchiveConfigurationService.cs
                       Services\IAuth0ManagementService.cs
                       Services\IAuth0UserRoleSyncService.cs
                       Services\IDatabaseProgrammabilityService.cs
                       Services\INotificationChannelConfigurationService.cs
                       Services\INotificationDeliveryService.cs
                       Services\INotificationService.cs
                       Services\IRealtimeAudienceResolver.cs
                       Services\IRealtimeEventService.cs
                       Services\IReportDefinitionService.cs
                       Services\IResponseMappingContextFactory.cs
                       Services\IRoleDefinitionService.cs
                       Services\IScheduledJobService.cs
                       Services\ISessionConfigurationService.cs
                       Services\ISlaConfigurationService.cs
                       Services\IStoredProcedureDefinitionService.cs
                       Services\ITicketArchivalService.cs
                       Services\ITicketAuditService.cs
                       Services\ITicketBoardService.cs
                       Services\ITicketRoutingRuleService.cs
                       Services\ITicketStatusService.cs
                       Services\ITicketVisibilityService.cs
                       Services\IUserContextService.cs
                       Services\JwtRoleClaims.cs
                       Services\NoOpAuth0UserRoleSyncService.cs
                       Services\NotificationChannelConfigurationService.cs
                       Services\NotificationDeliveryOptions.cs
                       Services\NotificationDeliveryService.cs
                       Services\NotificationService.cs
                       Services\RealtimeAudienceResolver.cs
                       Services\RealtimeEventService.cs
                       Services\ReportDefinitionService.cs
                       Services\ResponseMappingContextFactory.cs
                       Services\RoleDefinitionService.cs
                       Services\ScheduledJobHostedService.cs
                       Services\ScheduledJobService.cs
                       Services\SessionConfigurationService.cs
                       Services\SlaConfigurationService.cs
                       Services\SlaNotificationHostedService.cs
                       Services\StoredProcedureDefinitionService.cs
                       Services\TicketArchivalService.cs
                       Services\TicketAuditService.cs
                       Services\TicketBoardService.cs
                       Services\TicketRoutingEngineResult.cs
                       Services\TicketRoutingRuleService.cs
                       Services\TicketSlaCalculator.cs
                       Services\TicketStatusService.cs
                       Services\TicketVisibilityService.cs
                       Services\UserContextService.cs
                       Validation\QueryParameterValidation.cs
                   CompilerVisibleProperty
                       _SupportedPlatformList
                       EnableComHosting
                       EnableGeneratedComInterfaceComImportInterop
                       EnforceExtendedAnalyzerRules
                       InvariantGlobalization
                       PlatformNeutralAssembly
                       ProjectDir
                       ProjectTypeGuids
                       RootNamespace
                       TargetFramework
                       TargetPlatformMinVersion
                       UsingMicrosoftNETSdkWeb
                   Content
                       appsettings.Development.json
                           CopyToOutputDirectory = PreserveNewest
                           ExcludeFromSingleFile = true
                           CopyToPublishDirectory = PreserveNewest
                       appsettings.json
                           CopyToOutputDirectory = PreserveNewest
                           ExcludeFromSingleFile = true
                           CopyToPublishDirectory = PreserveNewest
                   CopyUpToDateMarker
                       C:\Users\adamc\Documents\Cortex.API\CortexBackend\obj\Release\net8.0\Cortex.API.csproj.Up2Date
                   CreateDirectory
                       C:\Users\adamc\Documents\Cortex.API\CortexBackend\obj\Release\net8.0\refint\
                       obj\Release\net8.0\ref
                   DebugSymbolsProjectOutputGroupOutput
                       C:\Users\adamc\Documents\Cortex.API\CortexBackend\obj\Release\net8.0\Cortex.API.pdb
                           FinalOutputPath = C:\Users\adamc\Documents\Cortex.API\CortexBackend\bin\Release\net8.0\Cortex.API.pdb
                           TargetPath = Cortex.API.pdb
                   DeployManifest
                       obj\Release\net8.0\Cortex.API.application
                           TargetPath = Cortex.API.application
                   EditorConfigFiles
                       C:\Users\adamc\.editorconfig
                       C:\Users\adamc\Documents\Cortex.API\CortexBackend\.editorconfig
                   EmbedInBinlog
                       C:\Users\adamc\Documents\Cortex.API\CortexBackend\obj\project.assets.json
                   FrameworkReference
                       Microsoft.AspNetCore.App
                           IsImplicitlyDefined = true
                       Microsoft.NETCore.App
                           IsImplicitlyDefined = true
                           PrivateAssets = All
                           Pack = false
                   GenerateRuntimeConfigurationFilesInputs
                       C:\Users\adamc\Documents\Cortex.API\CortexBackend\obj\project.assets.json
                       C:\Users\adamc\Documents\Cortex.API\CortexBackend\obj\Release\net8.0\Cortex.API.assets.cache
                   GlobalAnalyzerConfigFiles
                       C:\.globalconfig
                       C:\Users\.globalconfig
                       C:\Users\adamc\.globalconfig
                       C:\Users\adamc\Documents\.globalconfig
                       C:\Users\adamc\Documents\Cortex.API\.globalconfig
                       C:\Users\adamc\Documents\Cortex.API\CortexBackend\.globalconfig
                       C:\Users\adamc\Documents\Cortex.API\CortexBackend\Authorization\.globalconfig
                       C:\Users\adamc\Documents\Cortex.API\CortexBackend\Data\.globalconfig
                       C:\Users\adamc\Documents\Cortex.API\CortexBackend\Data\Repositories\.globalconfig
                       C:\Users\adamc\Documents\Cortex.API\CortexBackend\Data\Repositories\Interfaces\.globalconfig
                       C:\Users\adamc\Documents\Cortex.API\CortexBackend\Database\.globalconfig
                       C:\Users\adamc\Documents\Cortex.API\CortexBackend\DTO\.globalconfig
                       C:\Users\adamc\Documents\Cortex.API\CortexBackend\ExceptionHandling\.globalconfig
                       C:\Users\adamc\Documents\Cortex.API\CortexBackend\Extensions\.globalconfig
                       C:\Users\adamc\Documents\Cortex.API\CortexBackend\Handlers\.globalconfig
                       C:\Users\adamc\Documents\Cortex.API\CortexBackend\Health\.globalconfig
                       C:\Users\adamc\Documents\Cortex.API\CortexBackend\Hubs\.globalconfig
                       C:\Users\adamc\Documents\Cortex.API\CortexBackend\Middleware\.globalconfig
                       C:\Users\adamc\Documents\Cortex.API\CortexBackend\Migrations\.globalconfig
                       C:\Users\adamc\Documents\Cortex.API\CortexBackend\Models\.globalconfig
                       C:\Users\adamc\Documents\Cortex.API\CortexBackend\Services\.globalconfig
                       C:\Users\adamc\Documents\Cortex.API\CortexBackend\Validation\.globalconfig
                   ImplicitPackageReferenceVersion
                       Microsoft.AspNetCore.All
                           LatestVersion = 2.1.30
                           DefaultVersion = 2.1.1
                           TargetFrameworkVersion = 2.1
                       Microsoft.AspNetCore.All
                           LatestVersion = 2.2.8
                           DefaultVersion = 2.2.0
                           TargetFrameworkVersion = 2.2
                       Microsoft.AspNetCore.App
                           LatestVersion = 2.1.30
                           DefaultVersion = 2.1.1
                           TargetFrameworkVersion = 2.1
                       Microsoft.AspNetCore.App
                           LatestVersion = 2.2.8
                           DefaultVersion = 2.2.0
                           TargetFrameworkVersion = 2.2
                       Microsoft.NETCore.App
                           LatestVersion = 1.0.16
                           DefaultVersion = 1.0.5
                           TargetFrameworkVersion = 1.0
                       Microsoft.NETCore.App
                           LatestVersion = 1.1.13
                           DefaultVersion = 1.1.2
                           TargetFrameworkVersion = 1.1
                       Microsoft.NETCore.App
                           LatestVersion = 2.0.9
                           DefaultVersion = 2.0.0
                           TargetFrameworkVersion = 2.0
                       Microsoft.NETCore.App
                           LatestVersion = 2.1.30
                           DefaultVersion = 2.1.0
                           TargetFrameworkVersion = 2.1
                       Microsoft.NETCore.App
                           LatestVersion = 2.2.8
                           DefaultVersion = 2.2.0
                           TargetFrameworkVersion = 2.2
                   IntermediateAssembly
                       obj\Release\net8.0\Cortex.API.dll
                   IntermediateRefAssembly
                       obj\Release\net8.0\refint\Cortex.API.dll
                   KnownAppHostPack
                       Microsoft.NETCore.App
                           ExcludedRuntimeIdentifiers = android
                           AppHostRuntimeIdentifiers = linux-arm;linux-arm64;linux-musl-arm64;linux-musl-x64;linux-x64;osx-x64;rhel.6-x64;tizen.4.0.0-armel;tizen.5.0.0-armel;win-arm64;win-x64;win-x86;linux-musl-arm;osx-arm64;linux-s390x;linux-bionic-arm;linux-bionic-arm64;linux-bionic-x64;linux-bionic-x86;linux-ppc64le
                           TargetFramework = net8.0
                           AppHostPackNamePattern = Microsoft.NETCore.App.Host.**RID**
                           AppHostPackVersion = 8.0.26
                       Microsoft.NETCore.App
                           ExcludedRuntimeIdentifiers = android
                           AppHostRuntimeIdentifiers = linux-arm;linux-arm64;linux-musl-arm64;linux-musl-x64;linux-x64;osx-x64;rhel.6-x64;tizen.4.0.0-armel;tizen.5.0.0-armel;win-arm;win-arm64;win-x64;win-x86;linux-musl-arm;osx-arm64;linux-s390x;linux-bionic-arm;linux-bionic-arm64;linux-bionic-x64;linux-bionic-x86;linux-ppc64le
                           TargetFramework = net7.0
                           AppHostPackNamePattern = Microsoft.NETCore.App.Host.**RID**
                           AppHostPackVersion = 7.0.20
                       Microsoft.NETCore.App
                           ExcludedRuntimeIdentifiers = android
                           AppHostRuntimeIdentifiers = linux-arm;linux-arm64;linux-musl-arm64;linux-musl-x64;linux-x64;osx-x64;rhel.6-x64;tizen.4.0.0-armel;tizen.5.0.0-armel;win-arm;win-arm64;win-x64;win-x86;linux-musl-arm;osx-arm64;linux-s390x
                           TargetFramework = net6.0
                           AppHostPackNamePattern = Microsoft.NETCore.App.Host.**RID**
                           AppHostPackVersion = 6.0.36
                       Microsoft.NETCore.App
                           AppHostRuntimeIdentifiers = linux-arm;linux-arm64;linux-musl-arm64;linux-musl-x64;linux-x64;osx-x64;rhel.6-x64;tizen.4.0.0-armel;tizen.5.0.0-armel;win-arm;win-arm64;win-x64;win-x86;linux-musl-arm
                           TargetFramework = net5.0
                           AppHostPackNamePattern = Microsoft.NETCore.App.Host.**RID**
                           AppHostPackVersion = 5.0.17
                       Microsoft.NETCore.App
                           AppHostRuntimeIdentifiers = linux-arm;linux-arm64;linux-musl-arm64;linux-musl-x64;linux-x64;osx-x64;rhel.6-x64;tizen.4.0.0-armel;tizen.5.0.0-armel;win-arm;win-arm64;win-x64;win-x86
                           TargetFramework = netcoreapp3.1
                           AppHostPackNamePattern = Microsoft.NETCore.App.Host.**RID**
                           AppHostPackVersion = 3.1.32
                       Microsoft.NETCore.App
                           AppHostRuntimeIdentifiers = linux-arm;linux-arm64;linux-musl-arm64;linux-musl-x64;linux-x64;osx-x64;rhel.6-x64;tizen.4.0.0-armel;tizen.5.0.0-armel;win-arm;win-arm64;win-x64;win-x86
                           TargetFramework = netcoreapp3.0
                           AppHostPackNamePattern = Microsoft.NETCore.App.Host.**RID**
                           AppHostPackVersion = 3.0.3
                   KnownCrossgen2Pack
                       Microsoft.NETCore.App.Crossgen2
                           Crossgen2RuntimeIdentifiers = linux-musl-x64;linux-x64;win-x64;linux-arm;linux-arm64;linux-musl-arm;linux-musl-arm64;osx-arm64;osx-x64;win-arm64;win-x86
                           TargetFramework = net8.0
                           Crossgen2PackNamePattern = Microsoft.NETCore.App.Crossgen2.**RID**
                           Crossgen2PackVersion = 8.0.26
                       Microsoft.NETCore.App.Crossgen2
                           Crossgen2RuntimeIdentifiers = linux-musl-x64;linux-x64;win-x64;linux-arm;linux-arm64;linux-musl-arm;linux-musl-arm64;osx-arm64;osx-x64;win-arm;win-arm64;win-x86
                           TargetFramework = net7.0
                           Crossgen2PackNamePattern = Microsoft.NETCore.App.Crossgen2.**RID**
                           Crossgen2PackVersion = 7.0.20
                       Microsoft.NETCore.App.Crossgen2
                           Crossgen2RuntimeIdentifiers = linux-musl-x64;linux-x64;win-x64;linux-arm;linux-arm64;linux-musl-arm;linux-musl-arm64;osx-arm64;osx-x64;win-arm;win-arm64;win-x86
                           TargetFramework = net6.0
                           Crossgen2PackNamePattern = Microsoft.NETCore.App.Crossgen2.**RID**
                           Crossgen2PackVersion = 6.0.36
                       Microsoft.NETCore.App.Crossgen2
                           Crossgen2RuntimeIdentifiers = linux-musl-x64;linux-x64;win-x64
                           TargetFramework = net5.0
                           Crossgen2PackNamePattern = Microsoft.NETCore.App.Crossgen2.**RID**
                           Crossgen2PackVersion = 5.0.17
                   KnownFrameworkReference
                       Microsoft.AspNetCore.App
                           TargetFramework = netcoreapp3.0
                           DefaultRuntimeFrameworkVersion = 3.0.0
                           TargetingPackName = Microsoft.AspNetCore.App.Ref
                           LatestRuntimeFrameworkVersion = 3.0.3
                           RuntimePackRuntimeIdentifiers = win-x64;win-x86;win-arm;osx-x64;linux-musl-x64;linux-musl-arm64;linux-x64;linux-arm;linux-arm64
                           RuntimePackNamePatterns = Microsoft.AspNetCore.App.Runtime.**RID**
                           TargetingPackVersion = 3.0.1
                           RuntimeFrameworkName = Microsoft.AspNetCore.App
                       Microsoft.AspNetCore.App
                           TargetFramework = netcoreapp3.1
                           DefaultRuntimeFrameworkVersion = 3.1.0
                           TargetingPackName = Microsoft.AspNetCore.App.Ref
                           LatestRuntimeFrameworkVersion = 3.1.32
                           RuntimePackRuntimeIdentifiers = win-x64;win-x86;win-arm;osx-x64;linux-musl-x64;linux-musl-arm64;linux-x64;linux-arm;linux-arm64
                           RuntimePackNamePatterns = Microsoft.AspNetCore.App.Runtime.**RID**
                           TargetingPackVersion = 3.1.10
                           RuntimeFrameworkName = Microsoft.AspNetCore.App
                       Microsoft.AspNetCore.App
                           TargetFramework = net7.0
                           DefaultRuntimeFrameworkVersion = 7.0.0
                           TargetingPackName = Microsoft.AspNetCore.App.Ref
                           LatestRuntimeFrameworkVersion = 7.0.20
                           RuntimePackExcludedRuntimeIdentifiers = android
                           RuntimePackRuntimeIdentifiers = win-x64;win-x86;win-arm;osx-x64;linux-musl-x64;linux-musl-arm64;linux-x64;linux-arm;linux-arm64;linux-musl-arm;win-arm64;osx-arm64;linux-s390x;linux-ppc64le
                           RuntimePackNamePatterns = Microsoft.AspNetCore.App.Runtime.**RID**
                           TargetingPackVersion = 7.0.20
                           RuntimeFrameworkName = Microsoft.AspNetCore.App
                       Microsoft.AspNetCore.App
                           TargetFramework = net8.0
                           DefaultRuntimeFrameworkVersion = 8.0.0
                           TargetingPackName = Microsoft.AspNetCore.App.Ref
                           LatestRuntimeFrameworkVersion = 8.0.26
                           RuntimePackExcludedRuntimeIdentifiers = android;linux-bionic
                           RuntimePackRuntimeIdentifiers = win-x64;win-x86;win-arm;osx-x64;linux-musl-x64;linux-musl-arm64;linux-x64;linux-arm;linux-arm64;linux-musl-arm;win-arm64;osx-arm64;linux-s390x;linux-ppc64le
                           RuntimePackNamePatterns = Microsoft.AspNetCore.App.Runtime.**RID**
                           TargetingPackVersion = 8.0.26
                           RuntimeFrameworkName = Microsoft.AspNetCore.App
                       Microsoft.AspNetCore.App
                           TargetFramework = net5.0
                           DefaultRuntimeFrameworkVersion = 5.0.0
                           TargetingPackName = Microsoft.AspNetCore.App.Ref
                           LatestRuntimeFrameworkVersion = 5.0.17
                           RuntimePackRuntimeIdentifiers = win-x64;win-x86;win-arm;osx-x64;linux-musl-x64;linux-musl-arm64;linux-x64;linux-arm;linux-arm64;linux-musl-arm;win-arm64
                           RuntimePackNamePatterns = Microsoft.AspNetCore.App.Runtime.**RID**
                           TargetingPackVersion = 5.0.0
                           RuntimeFrameworkName = Microsoft.AspNetCore.App
                       Microsoft.AspNetCore.App
                           TargetFramework = net6.0
                           DefaultRuntimeFrameworkVersion = 6.0.0
                           TargetingPackName = Microsoft.AspNetCore.App.Ref
                           LatestRuntimeFrameworkVersion = 6.0.36
                           RuntimePackRuntimeIdentifiers = win-x64;win-x86;win-arm;osx-x64;linux-musl-x64;linux-musl-arm64;linux-x64;linux-arm;linux-arm64;linux-musl-arm;win-arm64;osx-arm64;linux-s390x
                           RuntimePackNamePatterns = Microsoft.AspNetCore.App.Runtime.**RID**
                           TargetingPackVersion = 6.0.36
                           RuntimeFrameworkName = Microsoft.AspNetCore.App
                       Microsoft.NETCore.App
                           TargetFramework = net8.0
                           DefaultRuntimeFrameworkVersion = 8.0.0
                           TargetingPackName = Microsoft.NETCore.App.Ref
                           LatestRuntimeFrameworkVersion = 8.0.26
                           RuntimePackRuntimeIdentifiers = linux-arm;linux-arm64;linux-musl-arm64;linux-musl-x64;linux-x64;osx-x64;rhel.6-x64;tizen.4.0.0-armel;tizen.5.0.0-armel;win-arm64;win-x64;win-x86;linux-musl-arm;osx-arm64;linux-s390x;linux-bionic-arm;linux-bionic-arm64;linux-bionic-x64;linux-bionic-x86;linux-ppc64le
                           RuntimePackNamePatterns = Microsoft.NETCore.App.Runtime.**RID**
                           TargetingPackVersion = 8.0.26
                           RuntimeFrameworkName = Microsoft.NETCore.App
                       Microsoft.NETCore.App
                           TargetFramework = net5.0
                           DefaultRuntimeFrameworkVersion = 5.0.0
                           TargetingPackName = Microsoft.NETCore.App.Ref
                           LatestRuntimeFrameworkVersion = 5.0.17
                           RuntimePackRuntimeIdentifiers = linux-arm;linux-arm64;linux-musl-arm64;linux-musl-x64;linux-x64;osx-x64;rhel.6-x64;tizen.4.0.0-armel;tizen.5.0.0-armel;win-arm;win-arm64;win-x64;win-x86;linux-musl-arm;browser-wasm
                           RuntimePackNamePatterns = Microsoft.NETCore.App.Runtime.**RID**
                           TargetingPackVersion = 5.0.0
                           IsTrimmable = true
                           RuntimeFrameworkName = Microsoft.NETCore.App
                       Microsoft.NETCore.App
                           TargetFramework = net7.0
                           DefaultRuntimeFrameworkVersion = 7.0.0
                           TargetingPackName = Microsoft.NETCore.App.Ref
                           LatestRuntimeFrameworkVersion = 7.0.20
                           RuntimePackRuntimeIdentifiers = linux-arm;linux-arm64;linux-musl-arm64;linux-musl-x64;linux-x64;osx-x64;rhel.6-x64;tizen.4.0.0-armel;tizen.5.0.0-armel;win-arm;win-arm64;win-x64;win-x86;linux-musl-arm;osx-arm64;linux-s390x;linux-bionic-arm;linux-bionic-arm64;linux-bionic-x64;linux-bionic-x86;linux-ppc64le
                           RuntimePackNamePatterns = Microsoft.NETCore.App.Runtime.**RID**
                           TargetingPackVersion = 7.0.20
                           RuntimeFrameworkName = Microsoft.NETCore.App
                       Microsoft.NETCore.App
                           TargetFramework = netcoreapp3.1
                           DefaultRuntimeFrameworkVersion = 3.1.0
                           TargetingPackName = Microsoft.NETCore.App.Ref
                           LatestRuntimeFrameworkVersion = 3.1.32
                           RuntimePackRuntimeIdentifiers = linux-arm;linux-arm64;linux-musl-arm64;linux-musl-x64;linux-x64;osx-x64;rhel.6-x64;tizen.4.0.0-armel;tizen.5.0.0-armel;win-arm;win-arm64;win-x64;win-x86
                           RuntimePackNamePatterns = Microsoft.NETCore.App.Runtime.**RID**
                           TargetingPackVersion = 3.1.0
                           IsTrimmable = true
                           RuntimeFrameworkName = Microsoft.NETCore.App
                       Microsoft.NETCore.App
                           TargetFramework = netcoreapp3.0
                           DefaultRuntimeFrameworkVersion = 3.0.0
                           TargetingPackName = Microsoft.NETCore.App.Ref
                           LatestRuntimeFrameworkVersion = 3.0.3
                           RuntimePackRuntimeIdentifiers = linux-arm;linux-arm64;linux-musl-arm64;linux-musl-x64;linux-x64;osx-x64;rhel.6-x64;tizen.4.0.0-armel;tizen.5.0.0-armel;win-arm;win-arm64;win-x64;win-x86
                           RuntimePackNamePatterns = Microsoft.NETCore.App.Runtime.**RID**
                           TargetingPackVersion = 3.0.0
                           IsTrimmable = true
                           RuntimeFrameworkName = Microsoft.NETCore.App
                       Microsoft.NETCore.App
                           TargetFramework = net6.0
                           DefaultRuntimeFrameworkVersion = 6.0.0
                           TargetingPackName = Microsoft.NETCore.App.Ref
                           LatestRuntimeFrameworkVersion = 6.0.36
                           RuntimePackRuntimeIdentifiers = linux-arm;linux-arm64;linux-musl-arm64;linux-musl-x64;linux-x64;osx-x64;rhel.6-x64;tizen.4.0.0-armel;tizen.5.0.0-armel;win-arm;win-arm64;win-x64;win-x86;linux-musl-arm;osx-arm64;linux-s390x
                           RuntimePackNamePatterns = Microsoft.NETCore.App.Runtime.**RID**
                           TargetingPackVersion = 6.0.36
                           RuntimeFrameworkName = Microsoft.NETCore.App
                       Microsoft.Windows.SDK.NET.Ref
                           RuntimePackAlwaysCopyLocal = true
                           TargetFramework = net5.0-windows10.0.18362.0
                           DefaultRuntimeFrameworkVersion = 10.0.18362.56
                           TargetingPackName = Microsoft.Windows.SDK.NET.Ref
                           IsWindowsOnly = true
                           LatestRuntimeFrameworkVersion = 10.0.18362.56
                           RuntimePackRuntimeIdentifiers = any
                           RuntimePackNamePatterns = Microsoft.Windows.SDK.NET.Ref
                           TargetingPackVersion = 10.0.18362.56
                           RuntimeFrameworkName = Microsoft.Windows.SDK.NET.Ref
                       Microsoft.Windows.SDK.NET.Ref
                           RuntimePackAlwaysCopyLocal = true
                           TargetFramework = net5.0-windows10.0.19041.0
                           DefaultRuntimeFrameworkVersion = 10.0.19041.56
                           TargetingPackName = Microsoft.Windows.SDK.NET.Ref
                           IsWindowsOnly = true
                           LatestRuntimeFrameworkVersion = 10.0.19041.56
                           RuntimePackRuntimeIdentifiers = any
                           RuntimePackNamePatterns = Microsoft.Windows.SDK.NET.Ref
                           TargetingPackVersion = 10.0.19041.56
                           RuntimeFrameworkName = Microsoft.Windows.SDK.NET.Ref
                       Microsoft.Windows.SDK.NET.Ref
                           RuntimePackAlwaysCopyLocal = true
                           TargetFramework = net6.0-windows10.0.19041.0
                           DefaultRuntimeFrameworkVersion = 10.0.19041.56
                           TargetingPackName = Microsoft.Windows.SDK.NET.Ref
                           IsWindowsOnly = true
                           LatestRuntimeFrameworkVersion = 10.0.19041.56
                           RuntimePackRuntimeIdentifiers = any
                           RuntimePackNamePatterns = Microsoft.Windows.SDK.NET.Ref
                           TargetingPackVersion = 10.0.19041.56
                           RuntimeFrameworkName = Microsoft.Windows.SDK.NET.Ref
                       Microsoft.Windows.SDK.NET.Ref
                           RuntimePackAlwaysCopyLocal = true
                           TargetFramework = net6.0-windows10.0.18362.0
                           DefaultRuntimeFrameworkVersion = 10.0.18362.56
                           TargetingPackName = Microsoft.Windows.SDK.NET.Ref
                           IsWindowsOnly = true
                           LatestRuntimeFrameworkVersion = 10.0.18362.56
                           RuntimePackRuntimeIdentifiers = any
                           RuntimePackNamePatterns = Microsoft.Windows.SDK.NET.Ref
                           TargetingPackVersion = 10.0.18362.56
                           RuntimeFrameworkName = Microsoft.Windows.SDK.NET.Ref
                       Microsoft.Windows.SDK.NET.Ref
                           RuntimePackAlwaysCopyLocal = true
                           TargetFramework = net5.0-windows10.0.17763.0
                           DefaultRuntimeFrameworkVersion = 10.0.17763.56
                           TargetingPackName = Microsoft.Windows.SDK.NET.Ref
                           IsWindowsOnly = true
                           LatestRuntimeFrameworkVersion = 10.0.17763.56
                           RuntimePackRuntimeIdentifiers = any
                           RuntimePackNamePatterns = Microsoft.Windows.SDK.NET.Ref
                           TargetingPackVersion = 10.0.17763.56
                           RuntimeFrameworkName = Microsoft.Windows.SDK.NET.Ref
                       Microsoft.Windows.SDK.NET.Ref
                           RuntimePackAlwaysCopyLocal = true
                           TargetFramework = net6.0-windows10.0.17763.0
                           DefaultRuntimeFrameworkVersion = 10.0.17763.56
                           TargetingPackName = Microsoft.Windows.SDK.NET.Ref
                           IsWindowsOnly = true
                           LatestRuntimeFrameworkVersion = 10.0.17763.56
                           RuntimePackRuntimeIdentifiers = any
                           RuntimePackNamePatterns = Microsoft.Windows.SDK.NET.Ref
                           TargetingPackVersion = 10.0.17763.56
                           RuntimeFrameworkName = Microsoft.Windows.SDK.NET.Ref
                       Microsoft.Windows.SDK.NET.Ref
                           RuntimePackAlwaysCopyLocal = true
                           TargetFramework = net8.0-windows10.0.18362.0
                           DefaultRuntimeFrameworkVersion = 10.0.18362.56
                           TargetingPackName = Microsoft.Windows.SDK.NET.Ref
                           IsWindowsOnly = true
                           LatestRuntimeFrameworkVersion = 10.0.18362.56
                           RuntimePackRuntimeIdentifiers = any
                           RuntimePackNamePatterns = Microsoft.Windows.SDK.NET.Ref
                           TargetingPackVersion = 10.0.18362.56
                           RuntimeFrameworkName = Microsoft.Windows.SDK.NET.Ref
                       Microsoft.Windows.SDK.NET.Ref
                           RuntimePackAlwaysCopyLocal = true
                           TargetFramework = net7.0-windows10.0.19041.0
                           DefaultRuntimeFrameworkVersion = 10.0.19041.56
                           TargetingPackName = Microsoft.Windows.SDK.NET.Ref
                           IsWindowsOnly = true
                           LatestRuntimeFrameworkVersion = 10.0.19041.56
                           RuntimePackRuntimeIdentifiers = any
                           RuntimePackNamePatterns = Microsoft.Windows.SDK.NET.Ref
                           TargetingPackVersion = 10.0.19041.56
                           RuntimeFrameworkName = Microsoft.Windows.SDK.NET.Ref
                       Microsoft.Windows.SDK.NET.Ref
                           RuntimePackAlwaysCopyLocal = true
                           TargetFramework = net7.0-windows10.0.18362.0
                           DefaultRuntimeFrameworkVersion = 10.0.18362.56
                           TargetingPackName = Microsoft.Windows.SDK.NET.Ref
                           IsWindowsOnly = true
                           LatestRuntimeFrameworkVersion = 10.0.18362.56
                           RuntimePackRuntimeIdentifiers = any
                           RuntimePackNamePatterns = Microsoft.Windows.SDK.NET.Ref
                           TargetingPackVersion = 10.0.18362.56
                           RuntimeFrameworkName = Microsoft.Windows.SDK.NET.Ref
                       Microsoft.Windows.SDK.NET.Ref
                           RuntimePackAlwaysCopyLocal = true
                           TargetFramework = net7.0-windows10.0.17763.0
                           DefaultRuntimeFrameworkVersion = 10.0.17763.56
                           TargetingPackName = Microsoft.Windows.SDK.NET.Ref
                           IsWindowsOnly = true
                           LatestRuntimeFrameworkVersion = 10.0.17763.56
                           RuntimePackRuntimeIdentifiers = any
                           RuntimePackNamePatterns = Microsoft.Windows.SDK.NET.Ref
                           TargetingPackVersion = 10.0.17763.56
                           RuntimeFrameworkName = Microsoft.Windows.SDK.NET.Ref
                       Microsoft.Windows.SDK.NET.Ref
                           RuntimePackAlwaysCopyLocal = true
                           TargetFramework = net8.0-windows10.0.17763.0
                           DefaultRuntimeFrameworkVersion = 10.0.17763.56
                           TargetingPackName = Microsoft.Windows.SDK.NET.Ref
                           IsWindowsOnly = true
                           LatestRuntimeFrameworkVersion = 10.0.17763.56
                           RuntimePackRuntimeIdentifiers = any
                           RuntimePackNamePatterns = Microsoft.Windows.SDK.NET.Ref
                           TargetingPackVersion = 10.0.17763.56
                           RuntimeFrameworkName = Microsoft.Windows.SDK.NET.Ref
                       Microsoft.Windows.SDK.NET.Ref
                           RuntimePackAlwaysCopyLocal = true
                           TargetFramework = net8.0-windows10.0.19041.0
                           DefaultRuntimeFrameworkVersion = 10.0.19041.56
                           TargetingPackName = Microsoft.Windows.SDK.NET.Ref
                           IsWindowsOnly = true
                           LatestRuntimeFrameworkVersion = 10.0.19041.56
                           RuntimePackRuntimeIdentifiers = any
                           RuntimePackNamePatterns = Microsoft.Windows.SDK.NET.Ref
                           TargetingPackVersion = 10.0.19041.56
                           RuntimeFrameworkName = Microsoft.Windows.SDK.NET.Ref
                       Microsoft.WindowsDesktop.App
                           TargetFramework = netcoreapp3.0
                           DefaultRuntimeFrameworkVersion = 3.0.0
                           TargetingPackName = Microsoft.WindowsDesktop.App.Ref
                           IsWindowsOnly = true
                           LatestRuntimeFrameworkVersion = 3.0.3
                           RuntimePackRuntimeIdentifiers = win-x64;win-x86
                           RuntimePackNamePatterns = Microsoft.WindowsDesktop.App.Runtime.**RID**
                           TargetingPackVersion = 3.0.0
                           RuntimeFrameworkName = Microsoft.WindowsDesktop.App
                       Microsoft.WindowsDesktop.App
                           TargetFramework = netcoreapp3.1
                           DefaultRuntimeFrameworkVersion = 3.1.0
                           TargetingPackName = Microsoft.WindowsDesktop.App.Ref
                           IsWindowsOnly = true
                           LatestRuntimeFrameworkVersion = 3.1.32
                           RuntimePackRuntimeIdentifiers = win-x64;win-x86
                           RuntimePackNamePatterns = Microsoft.WindowsDesktop.App.Runtime.**RID**
                           TargetingPackVersion = 3.1.0
                           RuntimeFrameworkName = Microsoft.WindowsDesktop.App
                       Microsoft.WindowsDesktop.App
                           TargetFramework = net6.0
                           DefaultRuntimeFrameworkVersion = 6.0.0
                           TargetingPackName = Microsoft.WindowsDesktop.App.Ref
                           IsWindowsOnly = true
                           LatestRuntimeFrameworkVersion = 6.0.36
                           RuntimePackRuntimeIdentifiers = win-x64;win-x86;win-arm64
                           RuntimePackNamePatterns = Microsoft.WindowsDesktop.App.Runtime.**RID**
                           TargetingPackVersion = 6.0.36
                           RuntimeFrameworkName = Microsoft.WindowsDesktop.App
                       Microsoft.WindowsDesktop.App
                           TargetFramework = net7.0
                           DefaultRuntimeFrameworkVersion = 7.0.0
                           TargetingPackName = Microsoft.WindowsDesktop.App.Ref
                           IsWindowsOnly = true
                           LatestRuntimeFrameworkVersion = 7.0.20
                           RuntimePackRuntimeIdentifiers = win-x64;win-x86;win-arm64
                           RuntimePackNamePatterns = Microsoft.WindowsDesktop.App.Runtime.**RID**
                           TargetingPackVersion = 7.0.20
                           RuntimeFrameworkName = Microsoft.WindowsDesktop.App
                       Microsoft.WindowsDesktop.App
                           TargetFramework = net8.0
                           DefaultRuntimeFrameworkVersion = 8.0.0
                           TargetingPackName = Microsoft.WindowsDesktop.App.Ref
                           IsWindowsOnly = true
                           LatestRuntimeFrameworkVersion = 8.0.26
                           RuntimePackRuntimeIdentifiers = win-x64;win-x86;win-arm64
                           RuntimePackNamePatterns = Microsoft.WindowsDesktop.App.Runtime.**RID**
                           TargetingPackVersion = 8.0.26
                           RuntimeFrameworkName = Microsoft.WindowsDesktop.App
                       Microsoft.WindowsDesktop.App
                           TargetFramework = net5.0
                           DefaultRuntimeFrameworkVersion = 5.0.0
                           TargetingPackName = Microsoft.WindowsDesktop.App.Ref
                           IsWindowsOnly = true
                           LatestRuntimeFrameworkVersion = 5.0.17
                           RuntimePackRuntimeIdentifiers = win-x64;win-x86;win-arm64
                           RuntimePackNamePatterns = Microsoft.WindowsDesktop.App.Runtime.**RID**
                           TargetingPackVersion = 5.0.0
                           RuntimeFrameworkName = Microsoft.WindowsDesktop.App
                       Microsoft.WindowsDesktop.App.WindowsForms
                           TargetFramework = netcoreapp3.0
                           DefaultRuntimeFrameworkVersion = 3.0.0
                           TargetingPackName = Microsoft.WindowsDesktop.App.Ref
                           IsWindowsOnly = true
                           LatestRuntimeFrameworkVersion = 3.0.3
                           RuntimePackRuntimeIdentifiers = win-x64;win-x86
                           RuntimePackNamePatterns = Microsoft.WindowsDesktop.App.Runtime.**RID**
                           TargetingPackVersion = 3.0.0
                           Profile = WindowsForms
                           RuntimeFrameworkName = Microsoft.WindowsDesktop.App
                       Microsoft.WindowsDesktop.App.WindowsForms
                           TargetFramework = net8.0
                           DefaultRuntimeFrameworkVersion = 8.0.0
                           TargetingPackName = Microsoft.WindowsDesktop.App.Ref
                           IsWindowsOnly = true
                           LatestRuntimeFrameworkVersion = 8.0.26
                           RuntimePackRuntimeIdentifiers = win-x64;win-x86;win-arm64
                           RuntimePackNamePatterns = Microsoft.WindowsDesktop.App.Runtime.**RID**
                           TargetingPackVersion = 8.0.26
                           Profile = WindowsForms
                           RuntimeFrameworkName = Microsoft.WindowsDesktop.App
                       Microsoft.WindowsDesktop.App.WindowsForms
                           TargetFramework = net7.0
                           DefaultRuntimeFrameworkVersion = 7.0.0
                           TargetingPackName = Microsoft.WindowsDesktop.App.Ref
                           IsWindowsOnly = true
                           LatestRuntimeFrameworkVersion = 7.0.20
                           RuntimePackRuntimeIdentifiers = win-x64;win-x86;win-arm64
                           RuntimePackNamePatterns = Microsoft.WindowsDesktop.App.Runtime.**RID**
                           TargetingPackVersion = 7.0.20
                           Profile = WindowsForms
                           RuntimeFrameworkName = Microsoft.WindowsDesktop.App
                       Microsoft.WindowsDesktop.App.WindowsForms
                           TargetFramework = net6.0
                           DefaultRuntimeFrameworkVersion = 6.0.0
                           TargetingPackName = Microsoft.WindowsDesktop.App.Ref
                           IsWindowsOnly = true
                           LatestRuntimeFrameworkVersion = 6.0.36
                           RuntimePackRuntimeIdentifiers = win-x64;win-x86;win-arm64
                           RuntimePackNamePatterns = Microsoft.WindowsDesktop.App.Runtime.**RID**
                           TargetingPackVersion = 6.0.36
                           Profile = WindowsForms
                           RuntimeFrameworkName = Microsoft.WindowsDesktop.App
                       Microsoft.WindowsDesktop.App.WindowsForms
                           TargetFramework = netcoreapp3.1
                           DefaultRuntimeFrameworkVersion = 3.1.0
                           TargetingPackName = Microsoft.WindowsDesktop.App.Ref
                           IsWindowsOnly = true
                           LatestRuntimeFrameworkVersion = 3.1.32
                           RuntimePackRuntimeIdentifiers = win-x64;win-x86
                           RuntimePackNamePatterns = Microsoft.WindowsDesktop.App.Runtime.**RID**
                           TargetingPackVersion = 3.1.0
                           Profile = WindowsForms
                           RuntimeFrameworkName = Microsoft.WindowsDesktop.App
                       Microsoft.WindowsDesktop.App.WindowsForms
                           TargetFramework = net5.0
                           DefaultRuntimeFrameworkVersion = 5.0.0
                           TargetingPackName = Microsoft.WindowsDesktop.App.Ref
                           IsWindowsOnly = true
                           LatestRuntimeFrameworkVersion = 5.0.17
                           RuntimePackRuntimeIdentifiers = win-x64;win-x86;win-arm64
                           RuntimePackNamePatterns = Microsoft.WindowsDesktop.App.Runtime.**RID**
                           TargetingPackVersion = 5.0.0
                           Profile = WindowsForms
                           RuntimeFrameworkName = Microsoft.WindowsDesktop.App
                       Microsoft.WindowsDesktop.App.WPF
                           TargetFramework = netcoreapp3.0
                           DefaultRuntimeFrameworkVersion = 3.0.0
                           TargetingPackName = Microsoft.WindowsDesktop.App.Ref
                           IsWindowsOnly = true
                           LatestRuntimeFrameworkVersion = 3.0.3
                           RuntimePackRuntimeIdentifiers = win-x64;win-x86
                           RuntimePackNamePatterns = Microsoft.WindowsDesktop.App.Runtime.**RID**
                           TargetingPackVersion = 3.0.0
                           Profile = WPF
                           RuntimeFrameworkName = Microsoft.WindowsDesktop.App
                       Microsoft.WindowsDesktop.App.WPF
                           TargetFramework = net6.0
                           DefaultRuntimeFrameworkVersion = 6.0.0
                           TargetingPackName = Microsoft.WindowsDesktop.App.Ref
                           IsWindowsOnly = true
                           LatestRuntimeFrameworkVersion = 6.0.36
                           RuntimePackRuntimeIdentifiers = win-x64;win-x86;win-arm64
                           RuntimePackNamePatterns = Microsoft.WindowsDesktop.App.Runtime.**RID**
                           TargetingPackVersion = 6.0.36
                           Profile = WPF
                           RuntimeFrameworkName = Microsoft.WindowsDesktop.App
                       Microsoft.WindowsDesktop.App.WPF
                           TargetFramework = netcoreapp3.1
                           DefaultRuntimeFrameworkVersion = 3.1.0
                           TargetingPackName = Microsoft.WindowsDesktop.App.Ref
                           IsWindowsOnly = true
                           LatestRuntimeFrameworkVersion = 3.1.32
                           RuntimePackRuntimeIdentifiers = win-x64;win-x86
                           RuntimePackNamePatterns = Microsoft.WindowsDesktop.App.Runtime.**RID**
                           TargetingPackVersion = 3.1.0
                           Profile = WPF
                           RuntimeFrameworkName = Microsoft.WindowsDesktop.App
                       Microsoft.WindowsDesktop.App.WPF
                           TargetFramework = net5.0
                           DefaultRuntimeFrameworkVersion = 5.0.0
                           TargetingPackName = Microsoft.WindowsDesktop.App.Ref
                           IsWindowsOnly = true
                           LatestRuntimeFrameworkVersion = 5.0.17
                           RuntimePackRuntimeIdentifiers = win-x64;win-x86;win-arm64
                           RuntimePackNamePatterns = Microsoft.WindowsDesktop.App.Runtime.**RID**
                           TargetingPackVersion = 5.0.0
                           Profile = WPF
                           RuntimeFrameworkName = Microsoft.WindowsDesktop.App
                       Microsoft.WindowsDesktop.App.WPF
                           TargetFramework = net7.0
                           DefaultRuntimeFrameworkVersion = 7.0.0
                           TargetingPackName = Microsoft.WindowsDesktop.App.Ref
                           IsWindowsOnly = true
                           LatestRuntimeFrameworkVersion = 7.0.20
                           RuntimePackRuntimeIdentifiers = win-x64;win-x86;win-arm64
                           RuntimePackNamePatterns = Microsoft.WindowsDesktop.App.Runtime.**RID**
                           TargetingPackVersion = 7.0.20
                           Profile = WPF
                           RuntimeFrameworkName = Microsoft.WindowsDesktop.App
                       Microsoft.WindowsDesktop.App.WPF
                           TargetFramework = net8.0
                           DefaultRuntimeFrameworkVersion = 8.0.0
                           TargetingPackName = Microsoft.WindowsDesktop.App.Ref
                           IsWindowsOnly = true
                           LatestRuntimeFrameworkVersion = 8.0.26
                           RuntimePackRuntimeIdentifiers = win-x64;win-x86;win-arm64
                           RuntimePackNamePatterns = Microsoft.WindowsDesktop.App.Runtime.**RID**
                           TargetingPackVersion = 8.0.26
                           Profile = WPF
                           RuntimeFrameworkName = Microsoft.WindowsDesktop.App
                       NETStandard.Library
                           TargetFramework = netstandard2.1
                           TargetingPackName = NETStandard.Library.Ref
                           TargetingPackVersion = 2.1.0
                   KnownILCompilerPack
                       Microsoft.DotNet.ILCompiler
                           ILCompilerPackNamePattern = runtime.**RID**.Microsoft.DotNet.ILCompiler
                           TargetFramework = net8.0
                           ILCompilerPackVersion = 8.0.26
                           ILCompilerRuntimeIdentifiers = linux-arm64;linux-musl-arm64;linux-musl-x64;linux-x64;win-arm64;win-x64;osx-x64;osx-arm64
                       Microsoft.DotNet.ILCompiler
                           ILCompilerPackNamePattern = runtime.**RID**.Microsoft.DotNet.ILCompiler
                           TargetFramework = net7.0
                           ILCompilerPackVersion = 7.0.20
                           ILCompilerRuntimeIdentifiers = linux-arm64;linux-musl-arm64;linux-musl-x64;linux-x64;win-arm64;win-x64
                   KnownILLinkPack
                       Microsoft.NET.ILLink.Tasks
                           TargetFramework = net8.0
                           ILLinkPackVersion = 8.0.26
                       Microsoft.NET.ILLink.Tasks
                           TargetFramework = net7.0
                           ILLinkPackVersion = 7.0.100-1.23401.1
                       Microsoft.NET.ILLink.Tasks
                           TargetFramework = net6.0
                           ILLinkPackVersion = 7.0.100-1.23401.1
                       Microsoft.NET.ILLink.Tasks
                           TargetFramework = net5.0
                           ILLinkPackVersion = 7.0.100-1.23401.1
                       Microsoft.NET.ILLink.Tasks
                           TargetFramework = netcoreapp3.1
                           ILLinkPackVersion = 7.0.100-1.23401.1
                       Microsoft.NET.ILLink.Tasks
                           TargetFramework = netcoreapp3.0
                           ILLinkPackVersion = 7.0.100-1.23401.1
                   KnownRuntimePack
                       Microsoft.NETCore.App
                           TargetFramework = net8.0
                           LatestRuntimeFrameworkVersion = 8.0.26
                           RuntimePackRuntimeIdentifiers = ios-arm64;iossimulator-arm64;iossimulator-x64;tvos-arm64;tvossimulator-arm64;tvossimulator-x64;maccatalyst-arm64;maccatalyst-x64;linux-bionic-arm64;linux-bionic-x64;osx-arm64;osx-x64
                           RuntimePackNamePatterns = Microsoft.NETCore.App.Runtime.NativeAOT.**RID**
                           RuntimePackLabels = NativeAOT
                           RuntimeFrameworkName = Microsoft.NETCore.App
                       Microsoft.NETCore.App
                           TargetFramework = net8.0
                           LatestRuntimeFrameworkVersion = 8.0.26
                           RuntimePackRuntimeIdentifiers = linux-arm;linux-arm64;linux-musl-arm64;linux-musl-x64;linux-x64;osx-x64;rhel.6-x64;win-arm64;win-x64;win-x86;linux-musl-arm;osx-arm64;linux-s390x;browser-wasm;ios-arm64;ios-arm;iossimulator-arm64;iossimulator-x64;iossimulator-x86;tvos-arm64;tvossimulator-arm64;tvossimulator-x64;maccatalyst-x64;maccatalyst-arm64;android-arm64;android-arm;android-x64;android-x86
                           RuntimePackNamePatterns = Microsoft.NETCore.App.Runtime.Mono.**RID**
                           RuntimePackLabels = Mono
                           RuntimeFrameworkName = Microsoft.NETCore.App
                       Microsoft.NETCore.App
                           TargetFramework = net7.0
                           LatestRuntimeFrameworkVersion = 7.0.20
                           RuntimePackRuntimeIdentifiers = linux-arm;linux-arm64;linux-musl-arm64;linux-musl-x64;linux-x64;osx-x64;rhel.6-x64;win-arm;win-arm64;win-x64;win-x86;linux-musl-arm;osx-arm64;linux-s390x;browser-wasm;ios-arm64;ios-arm;iossimulator-arm64;iossimulator-x64;iossimulator-x86;tvos-arm64;tvossimulator-arm64;tvossimulator-x64;maccatalyst-x64;maccatalyst-arm64;android-arm64;android-arm;android-x64;android-x86
                           RuntimePackNamePatterns = Microsoft.NETCore.App.Runtime.Mono.**RID**
                           RuntimePackLabels = Mono
                           RuntimeFrameworkName = Microsoft.NETCore.App
                       Microsoft.NETCore.App
                           TargetFramework = net6.0
                           LatestRuntimeFrameworkVersion = 6.0.36
                           RuntimePackRuntimeIdentifiers = linux-arm;linux-arm64;linux-musl-arm64;linux-musl-x64;linux-x64;osx-x64;rhel.6-x64;win-arm;win-arm64;win-x64;win-x86;linux-musl-arm;osx-arm64;linux-s390x;browser-wasm;ios-arm64;ios-arm;iossimulator-arm64;iossimulator-x64;iossimulator-x86;tvos-arm64;tvossimulator-arm64;tvossimulator-x64;maccatalyst-x64;maccatalyst-arm64;android-arm64;android-arm;android-x64;android-x86
                           RuntimePackNamePatterns = Microsoft.NETCore.App.Runtime.Mono.**RID**
                           RuntimePackLabels = Mono
                           RuntimeFrameworkName = Microsoft.NETCore.App
                   KnownWebAssemblySdkPack
                       Microsoft.NET.Sdk.WebAssembly.Pack
                           TargetFramework = net8.0
                           WebAssemblySdkPackVersion = 8.0.26
                       Microsoft.NET.Sdk.WebAssembly.Pack
                           TargetFramework = net7.0
                           WebAssemblySdkPackVersion = 8.0.26
                       Microsoft.NET.Sdk.WebAssembly.Pack
                           TargetFramework = net6.0
                           WebAssemblySdkPackVersion = 8.0.26
                   None
                       .dockerignore
                       .editorconfig
                       Cortex.API.http
                       CortexBackend\obj\Cortex.API.csproj.EntityFrameworkCore.targets
                       Dockerfile
                       Properties\launchSettings.json
                           CopyToOutputDirectory = Never
                           ExcludeFromSingleFile = true
                           CopyToPublishDirectory = Never
                   PackageConflictOverrides
                       NETStandard.Library
                           OverriddenPackages = 
                           Microsoft.Win32.Primitives|4.3.0;
                           System.AppContext|4.3.0;
                           System.Collections|4.3.0;
                           System.Collections.Concurrent|4.3.0;
                           System.Collections.Immutable|1.4.0;
                           System.Collections.NonGeneric|4.3.0;
                           System.Collections.Specialized|4.3.0;
                           System.ComponentModel|4.3.0;
                           System.ComponentModel.EventBasedAsync|4.3.0;
                           System.ComponentModel.Primitives|4.3.0;
                           System.ComponentModel.TypeConverter|4.3.0;
                           System.Console|4.3.0;
                           System.Data.Common|4.3.0;
                           System.Diagnostics.Contracts|4.3.0;
                           System.Diagnostics.Debug|4.3.0;
                           System.Diagnostics.FileVersionInfo|4.3.0;
                           System.Diagnostics.Process|4.3.0;
                           System.Diagnostics.StackTrace|4.3.0;
                           System.Diagnostics.TextWriterTraceListener|4.3.0;
                           System.Diagnostics.Tools|4.3.0;
                           System.Diagnostics.TraceSource|4.3.0;
                           System.Diagnostics.Tracing|4.3.0;
                           System.Dynamic.Runtime|4.3.0;
                           System.Globalization|4.3.0;
                           System.Globalization.Calendars|4.3.0;
                           System.Globalization.Extensions|4.3.0;
                           System.IO|4.3.0;
                           System.IO.Compression|4.3.0;
                           System.IO.Compression.ZipFile|4.3.0;
                           System.IO.FileSystem|4.3.0;
                           System.IO.FileSystem.DriveInfo|4.3.0;
                           System.IO.FileSystem.Primitives|4.3.0;
                           System.IO.FileSystem.Watcher|4.3.0;
                           System.IO.IsolatedStorage|4.3.0;
                           System.IO.MemoryMappedFiles|4.3.0;
                           System.IO.Pipes|4.3.0;
                           System.IO.UnmanagedMemoryStream|4.3.0;
                           System.Linq|4.3.0;
                           System.Linq.Expressions|4.3.0;
                           System.Linq.Queryable|4.3.0;
                           System.Net.Http|4.3.0;
                           System.Net.NameResolution|4.3.0;
                           System.Net.Primitives|4.3.0;
                           System.Net.Requests|4.3.0;
                           System.Net.Security|4.3.0;
                           System.Net.Sockets|4.3.0;
                           System.Net.WebHeaderCollection|4.3.0;
                           System.ObjectModel|4.3.0;
                           System.Private.DataContractSerialization|4.3.0;
                           System.Reflection|4.3.0;
                           System.Reflection.Emit|4.3.0;
                           System.Reflection.Emit.ILGeneration|4.3.0;
                           System.Reflection.Emit.Lightweight|4.3.0;
                           System.Reflection.Extensions|4.3.0;
                           System.Reflection.Primitives|4.3.0;
                           System.Reflection.TypeExtensions|4.3.0;
                           System.Resources.ResourceManager|4.3.0;
                           System.Runtime|4.3.0;
                           System.Runtime.Extensions|4.3.0;
                           System.Runtime.Handles|4.3.0;
                           System.Runtime.InteropServices|4.3.0;
                           System.Runtime.InteropServices.RuntimeInformation|4.3.0;
                           System.Runtime.Loader|4.3.0;
                           System.Runtime.Numerics|4.3.0;
                           System.Runtime.Serialization.Formatters|4.3.0;
                           System.Runtime.Serialization.Json|4.3.0;
                           System.Runtime.Serialization.Primitives|4.3.0;
                           System.Security.AccessControl|4.4.0;
                           System.Security.Claims|4.3.0;
                           System.Security.Cryptography.Algorithms|4.3.0;
                           System.Security.Cryptography.Csp|4.3.0;
                           System.Security.Cryptography.Encoding|4.3.0;
                           System.Security.Cryptography.Primitives|4.3.0;
                           System.Security.Cryptography.X509Certificates|4.3.0;
                           System.Security.Cryptography.Xml|4.4.0;
                           System.Security.Principal|4.3.0;
                           System.Security.Principal.Windows|4.4.0;
                           System.Text.Encoding|4.3.0;
                           System.Text.Encoding.Extensions|4.3.0;
                           System.Text.RegularExpressions|4.3.0;
                           System.Threading|4.3.0;
                           System.Threading.Overlapped|4.3.0;
                           System.Threading.Tasks|4.3.0;
                           System.Threading.Tasks.Extensions|4.3.0;
                           System.Threading.Tasks.Parallel|4.3.0;
                           System.Threading.Thread|4.3.0;
                           System.Threading.ThreadPool|4.3.0;
                           System.Threading.Timer|4.3.0;
                           System.ValueTuple|4.3.0;
                           System.Xml.ReaderWriter|4.3.0;
                           System.Xml.XDocument|4.3.0;
                           System.Xml.XmlDocument|4.3.0;
                           System.Xml.XmlSerializer|4.3.0;
                           System.Xml.XPath|4.3.0;
                           System.Xml.XPath.XDocument|4.3.0;
                         
                   PackageReference
                       Microsoft.AspNetCore.Authentication.JwtBearer
                           Version = 8.0.0
                       Microsoft.Azure.SignalR
                           Version = 1.33.0
                       Microsoft.EntityFrameworkCore.Design
                           Version = 8.0.1
                           IncludeAssets = runtime; build; native; contentfiles; analyzers; buildtransitive
                           PrivateAssets = all
                       Microsoft.EntityFrameworkCore.SqlServer
                           Version = 8.0.1
                       Microsoft.Extensions.Diagnostics.HealthChecks.EntityFrameworkCore
                           Version = 8.0.1
                       Newtonsoft.Json
                           Version = 13.0.3
                       Swashbuckle.AspNetCore
                           Version = 6.5.0
                   PotentialEditorConfigFiles
                       C:\.editorconfig
                       C:\Users\.editorconfig
                       C:\Users\adamc\.editorconfig
                       C:\Users\adamc\Documents\.editorconfig
                       C:\Users\adamc\Documents\Cortex.API\.editorconfig
                       C:\Users\adamc\Documents\Cortex.API\CortexBackend\.editorconfig
                       C:\Users\adamc\Documents\Cortex.API\CortexBackend\Authorization\.editorconfig
                       C:\Users\adamc\Documents\Cortex.API\CortexBackend\Data\.editorconfig
                       C:\Users\adamc\Documents\Cortex.API\CortexBackend\Data\Repositories\.editorconfig
                       C:\Users\adamc\Documents\Cortex.API\CortexBackend\Data\Repositories\Interfaces\.editorconfig
                       C:\Users\adamc\Documents\Cortex.API\CortexBackend\Database\.editorconfig
                       C:\Users\adamc\Documents\Cortex.API\CortexBackend\DTO\.editorconfig
                       C:\Users\adamc\Documents\Cortex.API\CortexBackend\ExceptionHandling\.editorconfig
                       C:\Users\adamc\Documents\Cortex.API\CortexBackend\Extensions\.editorconfig
                       C:\Users\adamc\Documents\Cortex.API\CortexBackend\Handlers\.editorconfig
                       C:\Users\adamc\Documents\Cortex.API\CortexBackend\Health\.editorconfig
                       C:\Users\adamc\Documents\Cortex.API\CortexBackend\Hubs\.editorconfig
                       C:\Users\adamc\Documents\Cortex.API\CortexBackend\Middleware\.editorconfig
                       C:\Users\adamc\Documents\Cortex.API\CortexBackend\Migrations\.editorconfig
                       C:\Users\adamc\Documents\Cortex.API\CortexBackend\Models\.editorconfig
                       C:\Users\adamc\Documents\Cortex.API\CortexBackend\Services\.editorconfig
                       C:\Users\adamc\Documents\Cortex.API\CortexBackend\Validation\.editorconfig
                   PreprocessorValue
                       assemblyname
                           Value = Cortex.API
                       filename
                           Value = Cortex.API.csproj
                       fullpath
                           Value = C:\Users\adamc\Documents\Cortex.API\CortexBackend
                       outputfilename
                           Value = Cortex.API.dll
                       rootnamespace
                           Value = Cortex.API
                   ProjectCapability
                       AllTargetOutputGroups
                       AppServicePublish
                       AspNetCore
                       AspNetCoreInProcessHosting
                       AssemblyReferences
                       COMReferences
                       CrossPlatformExecutable
                       CSharp
                       DeclaredSourceItems
                       DotNetCoreRazor
                       DotNetCoreRazorConfiguration
                       DotNetCoreWeb
                       DynamicDependentFile
                       DynamicFileNesting
                       GenerateDocumentationFile
                       LanguageService
                       Managed
                       NativeAOT
                       NetSdkOCIImageBuild
                       OutputGroups
                       Pack
                       ProjectReferences
                       ReferencesFolder
                       RelativePathDerivedDefaultNamespace
                       SharedProjectReferences
                       SingleFileGenerators
                       SupportHierarchyContextSvc
                       SupportsHotReload
                       SupportsTypeScriptNuGet
                       UserSourceItems
                       VisualStudioWellKnownOutputGroups
                       Web
                       WebNestingDefaults
                   PropertyPageSchema
                       C:\Program Files\dotnet\sdk\8.0.420\\assemblyreference.xaml
                           Context = ;BrowseObject
                       C:\Program Files\dotnet\sdk\8.0.420\\COMReference.xaml
                           Context = ;BrowseObject
                       C:\Program Files\dotnet\sdk\8.0.420\\Content.xaml
                           Context = File;BrowseObject
                       C:\Program Files\dotnet\sdk\8.0.420\\CSharp.BrowseObject.xaml
                           Context = BrowseObject
                       C:\Program Files\dotnet\sdk\8.0.420\\CSharp.ProjectItemsSchema.xaml
                       C:\Program Files\dotnet\sdk\8.0.420\\CSharp.xaml
                           Context = File
                       C:\Program Files\dotnet\sdk\8.0.420\\Debugger_General.xaml
                           Context = Project
                       C:\Program Files\dotnet\sdk\8.0.420\\EmbeddedResource.xaml
                           Context = File;BrowseObject
                       C:\Program Files\dotnet\sdk\8.0.420\\Folder.xaml
                           Context = File;BrowseObject
                       C:\Program Files\dotnet\sdk\8.0.420\\General_File.xaml
                           Context = File
                       C:\Program Files\dotnet\sdk\8.0.420\\General.BrowseObject.xaml
                           Context = BrowseObject
                       C:\Program Files\dotnet\sdk\8.0.420\\General.xaml
                           Context = Project
                       C:\Program Files\dotnet\sdk\8.0.420\\None.xaml
                           Context = File;BrowseObject
                       C:\Program Files\dotnet\sdk\8.0.420\\ProjectItemsSchema.xaml
                       C:\Program Files\dotnet\sdk\8.0.420\\ProjectReference.xaml
                           Context = ;BrowseObject
                       C:\Program Files\dotnet\sdk\8.0.420\\ResolvedAssemblyReference.xaml
                           Context = ProjectSubscriptionService;BrowseObject
                       C:\Program Files\dotnet\sdk\8.0.420\\ResolvedCOMReference.xaml
                           Context = ProjectSubscriptionService;BrowseObject
                       C:\Program Files\dotnet\sdk\8.0.420\\ResolvedProjectReference.xaml
                           Context = ProjectSubscriptionService;BrowseObject
                       C:\Program Files\dotnet\sdk\8.0.420\\SCC.xaml
                           Context = Invisible
                       C:\Program Files\dotnet\sdk\8.0.420\\SpecialFolder.xaml
                           Context = File;ProjectSubscriptionService
                       C:\Program Files\dotnet\sdk\8.0.420\Sdks\Microsoft.NET.Sdk.Razor\targets\Rules\RazorComponentWithTargetPath.xaml
                           Context = Project
                       C:\Program Files\dotnet\sdk\8.0.420\Sdks\Microsoft.NET.Sdk.Razor\targets\Rules\RazorConfiguration.xaml
                           Context = File
                       C:\Program Files\dotnet\sdk\8.0.420\Sdks\Microsoft.NET.Sdk.Razor\targets\Rules\RazorExtension.xaml
                           Context = File
                       C:\Program Files\dotnet\sdk\8.0.420\Sdks\Microsoft.NET.Sdk.Razor\targets\Rules\RazorGeneral.xaml
                           Context = Project
                       C:\Program Files\dotnet\sdk\8.0.420\Sdks\Microsoft.NET.Sdk.Razor\targets\Rules\RazorGenerateWithTargetPath.xaml
                           Context = Project
                   RazorConfiguration
                       Default
                       MVC-3.0
                           Extensions = MVC-3.0;
                   RazorExtension
                       MVC-3.0
                           AssemblyName = Microsoft.CodeAnalysis.Razor.Compiler
                           AssemblyFilePath = C:\Program Files\dotnet\sdk\8.0.420\Sdks\Microsoft.NET.Sdk.Razor\targets\..\tools\Microsoft.CodeAnalysis.Razor.Compiler.dll
                   RazorIntermediateAssembly
                       obj\Release\net8.0\Cortex.API.Views.dll
                   RegFreeComManifest
                       obj\Release\net8.0\Cortex.API.X.manifest
                   RuntimeHostConfigurationOption
                       System.GC.Server
                           Value = true
                       System.Reflection.Metadata.MetadataUpdater.IsSupported
                           Value = false
                           Trim = true
                       System.Runtime.Serialization.EnableUnsafeBinaryFormatterSerialization
                           Value = false
                           Trim = true
                   SdkSupportedTargetPlatformIdentifier
                       android
                           DisplayName = Android
                       ios
                           DisplayName = iOS
                       maccatalyst
                           DisplayName = Mac Catalyst
                       macos
                           DisplayName = macOS
                       tvos
                           DisplayName = tvOS
                       windows
                           DisplayName = Windows
                   SourceLinkAzureReposGitHost
                       dev.azure.com
                       visualstudio.com
                       vsts.me
                   SourceLinkBitbucketGitHost
                       bitbucket.org
                           EnterpriseEdition = false
                   SourceLinkGitHubHost
                       github.com
                           ContentUrl = https://raw.githubusercontent.com
                   SourceLinkGitLabHost
                       gitlab.com
                   SupportedNETCoreAppTargetFramework
                       .NETCoreApp,Version=v1.0
                           DisplayName = .NET Core 1.0
                           Alias = netcoreapp1.0
                       .NETCoreApp,Version=v1.1
                           DisplayName = .NET Core 1.1
                           Alias = netcoreapp1.1
                       .NETCoreApp,Version=v2.0
                           DisplayName = .NET Core 2.0
                           Alias = netcoreapp2.0
                       .NETCoreApp,Version=v2.1
                           DisplayName = .NET Core 2.1
                           Alias = netcoreapp2.1
                       .NETCoreApp,Version=v2.2
                           DisplayName = .NET Core 2.2
                           Alias = netcoreapp2.2
                       .NETCoreApp,Version=v3.0
                           DisplayName = .NET Core 3.0
                           Alias = netcoreapp3.0
                       .NETCoreApp,Version=v3.1
                           DisplayName = .NET Core 3.1
                           Alias = netcoreapp3.1
                       .NETCoreApp,Version=v5.0
                           DisplayName = .NET 5.0
                           Alias = net5.0
                       .NETCoreApp,Version=v6.0
                           DisplayName = .NET 6.0
                           Alias = net6.0
                       .NETCoreApp,Version=v7.0
                           DisplayName = .NET 7.0
                           Alias = net7.0
                       .NETCoreApp,Version=v8.0
                           DisplayName = .NET 8.0
                           Alias = net8.0
                   SupportedNETFrameworkTargetFramework
                       .NETFramework,Version=v2.0
                           DisplayName = .NET Framework 2.0
                           Alias = net20
                       .NETFramework,Version=v3.0
                           DisplayName = .NET Framework 3.0
                           Alias = net30
                       .NETFramework,Version=v3.5
                           DisplayName = .NET Framework 3.5
                           Alias = net35
                       .NETFramework,Version=v4.0
                           DisplayName = .NET Framework 4.0
                           Alias = net40
                       .NETFramework,Version=v4.5
                           DisplayName = .NET Framework 4.5
                           Alias = net45
                       .NETFramework,Version=v4.5.1
                           DisplayName = .NET Framework 4.5.1
                           Alias = net451
                       .NETFramework,Version=v4.5.2
                           DisplayName = .NET Framework 4.5.2
                           Alias = net452
                       .NETFramework,Version=v4.6
                           DisplayName = .NET Framework 4.6
                           Alias = net46
                       .NETFramework,Version=v4.6.1
                           DisplayName = .NET Framework 4.6.1
                           Alias = net461
                       .NETFramework,Version=v4.6.2
                           DisplayName = .NET Framework 4.6.2
                           Alias = net462
                       .NETFramework,Version=v4.7
                           DisplayName = .NET Framework 4.7
                           Alias = net47
                       .NETFramework,Version=v4.7.1
                           DisplayName = .NET Framework 4.7.1
                           Alias = net471
                       .NETFramework,Version=v4.7.2
                           DisplayName = .NET Framework 4.7.2
                           Alias = net472
                       .NETFramework,Version=v4.8
                           DisplayName = .NET Framework 4.8
                           Alias = net48
                       .NETFramework,Version=v4.8.1
                           DisplayName = .NET Framework 4.8.1
                           Alias = net481
                   SupportedNETStandardTargetFramework
                       .NETStandard,Version=v1.0
                           DisplayName = .NET Standard 1.0
                           Alias = netstandard1.0
                       .NETStandard,Version=v1.1
                           DisplayName = .NET Standard 1.1
                           Alias = netstandard1.1
                       .NETStandard,Version=v1.2
                           DisplayName = .NET Standard 1.2
                           Alias = netstandard1.2
                       .NETStandard,Version=v1.3
                           DisplayName = .NET Standard 1.3
                           Alias = netstandard1.3
                       .NETStandard,Version=v1.4
                           DisplayName = .NET Standard 1.4
                           Alias = netstandard1.4
                       .NETStandard,Version=v1.5
                           DisplayName = .NET Standard 1.5
                           Alias = netstandard1.5
                       .NETStandard,Version=v1.6
                           DisplayName = .NET Standard 1.6
                           Alias = netstandard1.6
                       .NETStandard,Version=v2.0
                           DisplayName = .NET Standard 2.0
                           Alias = netstandard2.0
                       .NETStandard,Version=v2.1
                           DisplayName = .NET Standard 2.1
                           Alias = netstandard2.1
                   SupportedPlatform
                       Linux
                       macOS
                       Windows
                   SupportedTargetFramework
                       .NETCoreApp,Version=v1.0
                           DisplayName = .NET Core 1.0
                           Alias = netcoreapp1.0
                       .NETCoreApp,Version=v1.1
                           DisplayName = .NET Core 1.1
                           Alias = netcoreapp1.1
                       .NETCoreApp,Version=v2.0
                           DisplayName = .NET Core 2.0
                           Alias = netcoreapp2.0
                       .NETCoreApp,Version=v2.1
                           DisplayName = .NET Core 2.1
                           Alias = netcoreapp2.1
                       .NETCoreApp,Version=v2.2
                           DisplayName = .NET Core 2.2
                           Alias = netcoreapp2.2
                       .NETCoreApp,Version=v3.0
                           DisplayName = .NET Core 3.0
                           Alias = netcoreapp3.0
                       .NETCoreApp,Version=v3.1
                           DisplayName = .NET Core 3.1
                           Alias = netcoreapp3.1
                       .NETCoreApp,Version=v5.0
                           DisplayName = .NET 5.0
                           Alias = net5.0
                       .NETCoreApp,Version=v6.0
                           DisplayName = .NET 6.0
                           Alias = net6.0
                       .NETCoreApp,Version=v7.0
                           DisplayName = .NET 7.0
                           Alias = net7.0
                       .NETCoreApp,Version=v8.0
                           DisplayName = .NET 8.0
                           Alias = net8.0
                       .NETFramework,Version=v2.0
                           DisplayName = .NET Framework 2.0
                           Alias = net20
                       .NETFramework,Version=v3.0
                           DisplayName = .NET Framework 3.0
                           Alias = net30
                       .NETFramework,Version=v3.5
                           DisplayName = .NET Framework 3.5
                           Alias = net35
                       .NETFramework,Version=v4.0
                           DisplayName = .NET Framework 4.0
                           Alias = net40
                       .NETFramework,Version=v4.5
                           DisplayName = .NET Framework 4.5
                           Alias = net45
                       .NETFramework,Version=v4.5.1
                           DisplayName = .NET Framework 4.5.1
                           Alias = net451
                       .NETFramework,Version=v4.5.2
                           DisplayName = .NET Framework 4.5.2
                           Alias = net452
                       .NETFramework,Version=v4.6
                           DisplayName = .NET Framework 4.6
                           Alias = net46
                       .NETFramework,Version=v4.6.1
                           DisplayName = .NET Framework 4.6.1
                           Alias = net461
                       .NETFramework,Version=v4.6.2
                           DisplayName = .NET Framework 4.6.2
                           Alias = net462
                       .NETFramework,Version=v4.7
                           DisplayName = .NET Framework 4.7
                           Alias = net47
                       .NETFramework,Version=v4.7.1
                           DisplayName = .NET Framework 4.7.1
                           Alias = net471
                       .NETFramework,Version=v4.7.2
                           DisplayName = .NET Framework 4.7.2
                           Alias = net472
                       .NETFramework,Version=v4.8
                           DisplayName = .NET Framework 4.8
                           Alias = net48
                       .NETFramework,Version=v4.8.1
                           DisplayName = .NET Framework 4.8.1
                           Alias = net481
                       .NETStandard,Version=v1.0
                           DisplayName = .NET Standard 1.0
                           Alias = netstandard1.0
                       .NETStandard,Version=v1.1
                           DisplayName = .NET Standard 1.1
                           Alias = netstandard1.1
                       .NETStandard,Version=v1.2
                           DisplayName = .NET Standard 1.2
                           Alias = netstandard1.2
                       .NETStandard,Version=v1.3
                           DisplayName = .NET Standard 1.3
                           Alias = netstandard1.3
                       .NETStandard,Version=v1.4
                           DisplayName = .NET Standard 1.4
                           Alias = netstandard1.4
                       .NETStandard,Version=v1.5
                           DisplayName = .NET Standard 1.5
                           Alias = netstandard1.5
                       .NETStandard,Version=v1.6
                           DisplayName = .NET Standard 1.6
                           Alias = netstandard1.6
                       .NETStandard,Version=v2.0
                           DisplayName = .NET Standard 2.0
                           Alias = netstandard2.0
                       .NETStandard,Version=v2.1
                           DisplayName = .NET Standard 2.1
                           Alias = netstandard2.1
                   Using
                       Microsoft.AspNetCore.Builder
                       Microsoft.AspNetCore.Hosting
                       Microsoft.AspNetCore.Http
                       Microsoft.AspNetCore.Routing
                       Microsoft.Extensions.Configuration
                       Microsoft.Extensions.DependencyInjection
                       Microsoft.Extensions.Hosting
                       Microsoft.Extensions.Logging
                       System
                       System.Collections.Generic
                       System.IO
                       System.Linq
                       System.Net.Http
                       System.Net.Http.Json
                       System.Threading
                       System.Threading.Tasks
                   WindowsSdkSupportedTargetPlatformVersion
                       10.0.17763.0
                           WindowsSdkPackageVersion = 10.0.17763.55
                           MinimumNETVersion = 6.0
                       10.0.17763.0
                           WindowsSdkPackageVersion = 10.0.17763.56
                           MinimumNETVersion = 8.0
                       10.0.17763.0
                           WindowsSdkPackageVersion = 10.0.17763.26
                           MinimumNETVersion = 5.0
                       10.0.18362.0
                           WindowsSdkPackageVersion = 10.0.18362.55
                           MinimumNETVersion = 6.0
                       10.0.18362.0
                           WindowsSdkPackageVersion = 10.0.18362.56
                           MinimumNETVersion = 8.0
                       10.0.18362.0
                           WindowsSdkPackageVersion = 10.0.18362.26
                           MinimumNETVersion = 5.0
                       10.0.19041.0
                           WindowsSdkPackageVersion = 10.0.19041.26
                           MinimumNETVersion = 5.0
                       10.0.19041.0
                           WindowsSdkPackageVersion = 10.0.19041.55
                           MinimumNETVersion = 6.0
                       10.0.19041.0
                           WindowsSdkPackageVersion = 10.0.19041.56
                           MinimumNETVersion = 8.0
                       10.0.20348.0
                           WindowsSdkPackageVersion = 10.0.20348.55
                           MinimumNETVersion = 6.0
                       10.0.20348.0
                           WindowsSdkPackageVersion = 10.0.20348.26
                           MinimumNETVersion = 5.0
                       10.0.20348.0
                           WindowsSdkPackageVersion = 10.0.20348.56
                           MinimumNETVersion = 8.0
                       10.0.22000.0
                           WindowsSdkPackageVersion = 10.0.22000.56
                           MinimumNETVersion = 8.0
                       10.0.22000.0
                           WindowsSdkPackageVersion = 10.0.22000.26
                           MinimumNETVersion = 5.0
                       10.0.22000.0
                           WindowsSdkPackageVersion = 10.0.22000.55
                           MinimumNETVersion = 6.0
                       10.0.22621.0
                           WindowsSdkPackageVersion = 10.0.22621.56
                           MinimumNETVersion = 8.0
                       10.0.22621.0
                           WindowsSdkPackageVersion = 10.0.22621.55
                           MinimumNETVersion = 6.0
                       10.0.26100.0
                           WindowsSdkPackageVersion = 10.0.26100.56
                           MinimumNETVersion = 8.0
                       10.0.26100.0
                           WindowsSdkPackageVersion = 10.0.26100.55
                           MinimumNETVersion = 6.0
                       7.0
                       8.0

04:44:08.339     1>Project "C:\Users\adamc\Documents\Cortex.API\Cortex.API.sln" (1) is building "C:\Users\adamc\Documents\Cortex.API\CortexBackend\Cortex.API.csproj" (2) on node 1 (_IsProjectRestoreSupported target(s)).
04:44:08.756     2>Target "_IsProjectRestoreSupported: (TargetId:7)" in file "C:\Program Files\dotnet\sdk\8.0.420\NuGet.targets" from project "C:\Users\adamc\Documents\Cortex.API\CortexBackend\Cortex.API.csproj" (entry point):
04:44:08.756     2>Added Item(s): _ValidProjectsForRestore=C:\Users\adamc\Documents\Cortex.API\CortexBackend\Cortex.API.csproj
04:44:08.756     2>Done building target "_IsProjectRestoreSupported" in project "Cortex.API.csproj".: (TargetId:7)
04:44:08.756     2>Done Building Project "C:\Users\adamc\Documents\Cortex.API\CortexBackend\Cortex.API.csproj" (_IsProjectRestoreSupported target(s)).
04:44:09.966     1>Done executing task "MSBuild" -- FAILED. (TaskId:5)
04:44:09.967     1>Done building target "_FilterRestoreGraphProjectInputItems" in project "Cortex.API.sln" -- FAILED.: (TargetId:6)
04:44:09.968     1>Done Building Project "C:\Users\adamc\Documents\Cortex.API\Cortex.API.sln" (Restore target(s)) -- FAILED.

Project Evaluation Performance Summary:
       60 ms  C:\Users\adamc\Documents\Cortex.API\Cortex.API.sln.metaproj   1 calls
      364 ms  C:\Users\adamc\Documents\Cortex.API\CortexBackend\Cortex.API.csproj   1 calls

Project Performance Summary:
        3 ms  C:\Users\adamc\Documents\Cortex.API\CortexBackend\Cortex.API.csproj   1 calls
                  3 ms  _IsProjectRestoreSupported                 1 calls
     1629 ms  C:\Users\adamc\Documents\Cortex.API\Cortex.API.sln   1 calls
               1629 ms  Restore                                    1 calls

Target Performance Summary:
        0 ms  ValidateProjects                           1 calls
        0 ms  ValidateToolsVersions                      1 calls
        0 ms  _IsProjectRestoreSupported                 1 calls
       13 ms  ValidateSolutionConfiguration              1 calls
       14 ms  _LoadRestoreGraphEntryPoints               1 calls
     1598 ms  _FilterRestoreGraphProjectInputItems       1 calls

Task Performance Summary:
        1 ms  RemoveDuplicates                           1 calls
        2 ms  Message                                    1 calls
        3 ms  GetRestoreSolutionProjectsTask             1 calls
     1585 ms  MSBuild                                    1 calls

Build FAILED.
    0 Warning(s)
    0 Error(s)

Time Elapsed 00:00:01.75
